month,series_group,industry,volume_idx,volume_sa_idx,prices_idx,prices_sa_idx,yoy_volume_pct,yoy_prices_pct,contrib_prices_pp
2017-01-01,fb,Cafes,77.153,76.947,61.708,61.481,,,
2017-02-01,fb,Cafes,72.142,79.833,57.628,63.286,,,
2017-03-01,fb,Cafes,79.974,77.627,64.022,62.099,,,
2017-04-01,fb,Cafes,75.078,75.126,60.236,60.673,,,
2017-05-01,fb,Cafes,75.595,76.137,60.67,61.182,,,
2017-06-01,fb,Cafes,73.973,77.586,59.376,61.691,,,
2017-07-01,fb,Cafes,77.994,74.761,62.639,60.097,,,
2017-08-01,fb,Cafes,75.858,73.156,60.884,58.91,,,
2017-09-01,fb,Cafes,74.938,75.23,60.164,60.553,,,
2017-10-01,fb,Cafes,72.344,72.364,58.231,58.421,,,
2017-11-01,fb,Cafes,73.197,73.704,58.964,59.421,,,
2017-12-01,fb,Cafes,79.535,75.686,64.266,61.153,,,
2018-01-01,fb,Cafes,74.169,73.852,60.034,59.616,-3.87,-2.71,-0.172
2018-02-01,fb,Cafes,68.627,75.955,55.756,61.315,-4.87,-3.25,-0.214
2018-03-01,fb,Cafes,77.911,75.513,63.353,61.487,-2.58,-1.04,-0.077
2018-04-01,fb,Cafes,75.004,75.122,61.198,61.655,-0.1,1.6,0.114
2018-05-01,fb,Cafes,74.743,75.366,61.023,61.496,-1.13,0.58,0.041
2018-06-01,fb,Cafes,72.99,76.741,59.602,62.129,-1.33,0.38,0.027
2018-07-01,fb,Cafes,78.518,75.282,64.156,61.549,0.67,2.42,0.17
2018-08-01,fb,Cafes,79.286,76.548,64.832,62.745,4.52,6.48,0.442
2018-09-01,fb,Cafes,73.864,74.288,60.493,60.93,-1.43,0.55,0.037
2018-10-01,fb,Cafes,76.272,76.192,62.488,62.598,5.43,7.31,0.479
2018-11-01,fb,Cafes,73.879,74.103,60.56,60.806,0.93,2.71,0.184
2018-12-01,fb,Cafes,77.001,73.043,63.188,60.03,-3.19,-1.68,-0.116
2019-01-01,fb,Cafes,76.14,75.645,62.695,62.062,2.66,4.43,0.311
2019-02-01,fb,Cafes,67.024,74.258,55.294,61.096,-2.34,-0.83,-0.05
2019-03-01,fb,Cafes,76.439,73.976,63.29,61.6,-1.89,-0.1,-0.007
2019-04-01,fb,Cafes,75.584,75.994,62.647,63.147,0.77,2.37,0.172
2019-05-01,fb,Cafes,73.865,75.953,61.307,62.811,-1.17,0.47,0.032
2019-06-01,fb,Cafes,74.057,76.906,61.593,63.408,1.46,3.34,0.231
2019-07-01,fb,Cafes,79.821,76.563,66.454,63.699,1.66,3.58,0.257
2019-08-01,fb,Cafes,80.26,77.631,66.905,64.624,1.23,3.2,0.223
2019-09-01,fb,Cafes,78.254,78.872,65.219,65.875,5.94,7.81,0.531
2019-10-01,fb,Cafes,78.404,78.03,65.443,65.328,2.8,4.73,0.329
2019-11-01,fb,Cafes,77.934,77.586,65.085,65.015,5.49,7.47,0.505
2019-12-01,fb,Cafes,81.48,76.826,68.216,64.727,5.82,7.96,0.516
2020-01-01,fb,Cafes,82.103,81.468,69.051,68.138,7.83,10.14,0.694
2020-02-01,fb,Cafes,70.076,77.839,58.974,65.489,4.55,6.66,0.404
2020-03-01,fb,Cafes,70.65,68.485,59.483,58.258,-7.57,-6.02,-0.413
2020-04-01,fb,Cafes,50.598,51.273,42.674,43.089,-33.06,-31.88,-2.282
2020-05-01,fb,Cafes,54.742,56.795,46.166,47.509,-25.89,-24.7,-1.692
2020-06-01,fb,Cafes,56.659,58.607,47.802,49.086,-23.49,-22.39,-1.513
2020-07-01,fb,Cafes,67.973,65.133,57.348,54.901,-14.84,-13.7,-0.984
2020-08-01,fb,Cafes,68.617,66.404,57.903,55.815,-14.51,-13.45,-0.931
2020-09-01,fb,Cafes,67.078,67.737,56.528,57.126,-14.28,-13.33,-0.934
2020-10-01,fb,Cafes,70.448,69.69,59.492,59.053,-10.15,-9.09,-0.634
2020-11-01,fb,Cafes,74.408,73.484,63.033,62.661,-4.52,-3.15,-0.217
2020-12-01,fb,Cafes,81.969,76.837,69.447,65.794,0.6,1.8,0.124
2021-01-01,fb,Cafes,81.766,81.257,69.351,68.598,-0.41,0.43,0.03
2021-02-01,fb,Cafes,72.458,80.734,61.585,68.682,3.4,4.43,0.345
2021-03-01,fb,Cafes,87.064,84.994,74.089,73.16,23.23,24.55,2.067
2021-04-01,fb,Cafes,80.901,83.064,68.875,69.971,59.89,61.4,6.266
2021-05-01,fb,Cafes,77.78,80.398,66.287,67.756,42.08,43.58,4.567
2021-06-01,fb,Cafes,79.719,82.389,67.989,69.929,40.7,42.23,3.917
2021-07-01,fb,Cafes,87.464,83.587,74.614,71.167,28.67,30.11,2.465
2021-08-01,fb,Cafes,86.457,83.47,73.963,71.033,26.0,27.74,2.281
2021-09-01,fb,Cafes,87.736,88.594,75.137,76.076,30.8,32.92,2.777
2021-10-01,fb,Cafes,91.455,89.746,78.299,77.284,29.82,31.61,2.607
2021-11-01,fb,Cafes,93.159,91.579,79.763,79.056,25.2,26.54,2.28
2021-12-01,fb,Cafes,100.8,94.381,86.497,81.908,22.97,24.55,2.048
2022-01-01,fb,Cafes,88.744,88.58,76.697,76.307,8.53,10.59,0.975
2022-02-01,fb,Cafes,79.235,88.545,68.908,76.897,9.35,11.89,0.997
2022-03-01,fb,Cafes,90.463,89.44,79.262,79.022,3.9,6.98,0.676
2022-04-01,fb,Cafes,83.095,87.459,73.462,76.242,2.71,6.66,0.631
2022-05-01,fb,Cafes,90.855,91.868,80.854,80.848,16.81,21.98,2.256
2022-06-01,fb,Cafes,91.667,94.318,81.961,84.156,14.99,20.55,2.524
2022-07-01,fb,Cafes,97.761,92.957,87.942,83.648,11.77,17.86,2.025
2022-08-01,fb,Cafes,97.285,93.33,88.32,84.44,12.52,19.41,2.182
2022-09-01,fb,Cafes,90.533,91.404,82.426,83.378,3.19,9.7,1.039
2022-10-01,fb,Cafes,92.996,90.567,84.995,83.351,1.68,8.55,0.972
2022-11-01,fb,Cafes,93.068,91.567,85.62,84.715,-0.1,7.34,0.792
2022-12-01,fb,Cafes,98.955,93.246,91.137,86.48,-1.83,5.36,0.52
2023-01-01,fb,Cafes,92.412,92.721,87.208,87.823,4.13,13.7,1.274
2023-02-01,fb,Cafes,83.207,93.046,78.617,87.674,5.01,14.09,1.328
2023-03-01,fb,Cafes,92.063,92.22,86.976,87.411,1.77,9.73,0.961
2023-04-01,fb,Cafes,89.948,95.37,85.135,89.067,8.25,15.89,1.435
2023-05-01,fb,Cafes,96.51,96.426,91.454,90.646,6.22,13.11,1.17
2023-06-01,fb,Cafes,92.757,95.007,87.968,89.774,1.19,7.33,0.681
2023-07-01,fb,Cafes,102.176,96.674,96.899,91.857,4.52,10.19,0.956
2023-08-01,fb,Cafes,101.051,96.186,95.976,91.147,3.87,8.67,0.828
2023-09-01,fb,Cafes,96.587,97.518,91.9,93.048,6.69,11.49,1.042
2023-10-01,fb,Cafes,101.508,98.237,96.805,94.439,9.15,13.89,1.249
2023-11-01,fb,Cafes,98.047,96.8,93.749,92.832,5.35,9.49,0.876
2023-12-01,fb,Cafes,104.469,99.541,100.442,95.839,5.57,10.21,0.916
2024-01-01,fb,Cafes,96.487,97.213,93.58,95.157,4.41,7.31,0.633
2024-02-01,fb,Cafes,89.862,100.395,87.828,97.772,8.0,11.72,1.037
2024-03-01,fb,Cafes,97.354,99.277,95.15,97.063,5.75,9.4,0.866
2024-04-01,fb,Cafes,96.967,102.11,95.209,99.167,7.8,11.83,1.076
2024-05-01,fb,Cafes,100.878,99.954,99.314,97.912,4.53,8.59,0.798
2024-06-01,fb,Cafes,96.965,99.019,95.772,97.205,4.54,8.87,0.825
2024-07-01,fb,Cafes,104.108,98.116,102.872,97.278,1.89,6.16,0.6
2024-08-01,fb,Cafes,104.002,98.298,103.322,97.57,2.92,7.65,0.732
2024-09-01,fb,Cafes,97.573,98.605,96.944,98.117,1.02,5.49,0.519
2024-10-01,fb,Cafes,103.713,100.001,103.061,100.073,2.17,6.46,0.646
2024-11-01,fb,Cafes,100.006,99.066,99.391,98.609,2.0,6.02,0.599
2024-12-01,fb,Cafes,99.217,95.598,98.651,94.766,-5.03,-1.78,-0.175
2025-01-01,fb,Cafes,92.199,93.1,91.887,94.217,-4.44,-1.81,-0.177
2025-02-01,fb,Cafes,88.633,98.841,88.36,98.204,-1.37,0.61,0.052
2025-03-01,fb,Cafes,95.119,98.839,94.81,98.477,-2.3,-0.36,-0.034
2025-04-01,fb,Cafes,93.97,97.474,93.826,96.433,-3.09,-1.45,-0.147
2025-05-01,fb,Cafes,102.938,101.46,102.788,100.96,2.04,3.5,0.342
2025-06-01,fb,Cafes,101.155,103.181,101.009,102.094,4.32,5.47,0.544
2025-07-01,fb,Cafes,109.068,102.612,108.963,102.78,4.76,5.92,0.611
2025-08-01,fb,Cafes,109.278,102.855,109.519,103.043,5.07,6.0,0.592
2025-09-01,fb,Cafes,99.735,100.865,99.986,101.273,2.22,3.14,0.309
2025-10-01,fb,Cafes,104.313,100.389,104.589,101.396,0.58,1.48,0.152
2025-11-01,fb,Cafes,101.171,100.361,101.503,100.857,1.16,2.12,0.216
2025-12-01,fb,Cafes,102.422,99.371,102.759,99.219,3.23,4.16,0.399
2026-01-01,fb,Cafes,98.491,99.541,99.176,102.001,6.82,7.93,0.703
2026-02-01,fb,Cafes,87.664,97.657,88.273,97.95,-1.09,-0.1,-0.009
2026-03-01,fb,Cafes,95.736,99.567,96.36,100.197,0.65,1.63,0.162
2026-04-01,fb,Cafes,95.074,98.638,95.691,98.4,1.17,1.99,0.196
2026-05-01,fb,Cafes,102.283,100.588,102.947,100.912,-0.64,0.15,0.015
2026-06-01,fb,Cafes,94.61,96.465,95.383,96.311,-6.47,-5.57,-0.586
2026-07-01,fb,Cafes,101.109,95.08,101.966,96.176,-7.3,-6.42,-0.688
2016-01-01,fb,Fast Food Outlets,86.735,85.153,67.02,65.692,1.99,2.21,0.157
2016-02-01,fb,Fast Food Outlets,80.908,84.812,62.82,65.84,1.34,2.59,0.171
2016-03-01,fb,Fast Food Outlets,84.554,85.13,65.799,66.134,-0.28,1.22,0.087
2016-04-01,fb,Fast Food Outlets,81.831,84.025,64.397,65.997,-0.96,1.52,0.111
2016-05-01,fb,Fast Food Outlets,85.566,84.701,67.624,66.846,-2.07,0.81,0.059
2016-06-01,fb,Fast Food Outlets,76.175,80.285,60.202,63.537,-8.44,-5.87,-0.433
2016-07-01,fb,Fast Food Outlets,90.047,85.107,71.331,67.389,12.58,16.02,1.087
2016-08-01,fb,Fast Food Outlets,89.032,86.246,70.539,68.306,-2.09,0.92,0.069
2016-09-01,fb,Fast Food Outlets,86.542,89.299,68.325,70.555,0.14,2.56,0.191
2016-10-01,fb,Fast Food Outlets,88.26,84.914,69.681,67.139,0.19,2.62,0.194
2016-11-01,fb,Fast Food Outlets,87.689,88.807,69.23,70.293,4.27,6.8,0.498
2016-12-01,fb,Fast Food Outlets,91.218,86.56,72.017,68.43,1.45,3.7,0.274
2017-01-01,fb,Fast Food Outlets,90.946,86.334,71.922,68.131,4.86,7.31,0.534
2017-02-01,fb,Fast Food Outlets,74.089,84.514,58.736,66.987,-8.43,-6.5,-0.447
2017-03-01,fb,Fast Food Outlets,85.48,85.619,68.004,67.975,1.1,3.35,0.245
2017-04-01,fb,Fast Food Outlets,84.842,86.697,67.4,68.785,3.68,4.66,0.341
2017-05-01,fb,Fast Food Outlets,85.799,86.555,68.16,68.712,0.27,0.79,0.058
2017-06-01,fb,Fast Food Outlets,86.773,89.901,68.934,71.477,13.91,14.5,1.007
2017-07-01,fb,Fast Food Outlets,95.606,90.841,75.882,72.159,6.17,6.38,0.486
2017-08-01,fb,Fast Food Outlets,92.617,89.315,73.615,70.919,4.03,4.36,0.34
2017-09-01,fb,Fast Food Outlets,86.868,88.435,69.181,70.467,0.38,1.25,0.093
2017-10-01,fb,Fast Food Outlets,92.186,90.759,73.45,72.309,4.45,5.41,0.408
2017-11-01,fb,Fast Food Outlets,90.369,91.011,72.093,72.867,3.06,4.14,0.328
2017-12-01,fb,Fast Food Outlets,94.987,89.661,76.145,71.998,4.13,5.73,0.442
2018-01-01,fb,Fast Food Outlets,87.446,90.643,70.007,72.516,-3.85,-2.66,-0.193
2018-02-01,fb,Fast Food Outlets,88.259,93.321,70.362,74.315,19.13,19.79,1.301
2018-03-01,fb,Fast Food Outlets,99.162,96.554,78.983,76.657,16.01,16.14,1.23
2018-04-01,fb,Fast Food Outlets,89.549,93.08,71.185,73.939,5.55,5.62,0.438
2018-05-01,fb,Fast Food Outlets,94.694,96.167,75.275,76.415,10.37,10.44,0.809
2018-06-01,fb,Fast Food Outlets,93.105,94.876,74.08,75.572,7.3,7.47,0.606
2018-07-01,fb,Fast Food Outlets,97.913,94.678,78.165,75.54,2.41,3.01,0.251
2018-08-01,fb,Fast Food Outlets,100.439,96.802,80.181,77.259,8.45,8.92,0.721
2018-09-01,fb,Fast Food Outlets,91.795,92.628,73.28,74.014,5.67,5.93,0.457
2018-10-01,fb,Fast Food Outlets,94.953,95.036,75.801,75.866,3.0,3.2,0.259
2018-11-01,fb,Fast Food Outlets,94.351,94.496,75.321,75.545,4.41,4.48,0.364
2018-12-01,fb,Fast Food Outlets,101.033,95.081,80.655,76.257,6.37,5.92,0.474
2019-01-01,fb,Fast Food Outlets,95.19,96.421,76.435,77.34,8.86,9.18,0.736
2019-02-01,fb,Fast Food Outlets,91.315,98.432,73.634,79.243,3.46,4.65,0.348
2019-03-01,fb,Fast Food Outlets,102.48,98.661,82.719,79.301,3.35,4.73,0.403
2019-04-01,fb,Fast Food Outlets,95.539,100.75,77.188,81.232,6.69,8.43,0.698
2019-05-01,fb,Fast Food Outlets,94.389,99.707,76.259,80.671,-0.32,1.31,0.11
2019-06-01,fb,Fast Food Outlets,100.741,98.323,81.391,79.553,8.2,9.87,0.83
2019-07-01,fb,Fast Food Outlets,102.454,100.302,82.989,81.234,4.64,6.17,0.529
2019-08-01,fb,Fast Food Outlets,108.395,102.393,88.097,83.204,7.92,9.87,0.834
2019-09-01,fb,Fast Food Outlets,101.237,103.212,82.279,84.021,10.29,12.28,0.99
2019-10-01,fb,Fast Food Outlets,101.215,101.435,82.353,82.421,6.59,8.64,0.714
2019-11-01,fb,Fast Food Outlets,102.897,101.592,84.019,83.003,9.06,11.55,0.951
2019-12-01,fb,Fast Food Outlets,105.765,101.3,86.361,83.153,4.68,7.07,0.574
2020-01-01,fb,Fast Food Outlets,107.928,101.991,88.42,83.29,13.38,15.68,1.282
2020-02-01,fb,Fast Food Outlets,94.974,103.954,77.808,85.181,4.01,5.67,0.449
2020-03-01,fb,Fast Food Outlets,98.299,95.967,80.72,78.473,-4.08,-2.42,-0.212
2020-04-01,fb,Fast Food Outlets,69.942,74.46,57.435,61.059,-26.79,-25.59,-2.211
2020-05-01,fb,Fast Food Outlets,71.903,71.989,59.022,59.193,-23.82,-22.6,-1.888
2020-06-01,fb,Fast Food Outlets,79.817,81.947,65.518,67.25,-20.77,-19.5,-1.707
2020-07-01,fb,Fast Food Outlets,89.352,87.575,73.345,71.905,-12.79,-11.62,-1.021
2020-08-01,fb,Fast Food Outlets,94.903,88.99,77.902,73.143,-12.45,-11.57,-1.034
2020-09-01,fb,Fast Food Outlets,88.631,91.412,72.753,75.06,-12.45,-11.58,-1.003
2020-10-01,fb,Fast Food Outlets,96.294,93.861,79.331,77.242,-4.86,-3.67,-0.315
2020-11-01,fb,Fast Food Outlets,98.61,98.19,81.239,80.971,-4.17,-3.31,-0.289
2020-12-01,fb,Fast Food Outlets,107.462,104.529,88.621,86.87,1.6,2.62,0.223
2021-01-01,fb,Fast Food Outlets,98.829,99.224,81.99,82.016,-8.43,-7.27,-0.63
2021-02-01,fb,Fast Food Outlets,95.389,100.055,79.147,82.832,0.44,1.72,0.173
2021-03-01,fb,Fast Food Outlets,102.114,101.543,84.727,83.981,3.88,4.96,0.556
2021-04-01,fb,Fast Food Outlets,93.194,99.57,77.325,82.341,33.24,34.63,4.662
2021-05-01,fb,Fast Food Outlets,97.176,96.268,80.63,80.12,35.15,36.61,4.806
2021-06-01,fb,Fast Food Outlets,96.528,100.018,80.092,82.89,20.94,22.24,2.771
2021-07-01,fb,Fast Food Outlets,104.579,100.305,86.926,83.417,17.04,18.52,1.9
2021-08-01,fb,Fast Food Outlets,101.238,96.866,84.721,81.077,6.68,8.75,0.949
2021-09-01,fb,Fast Food Outlets,96.016,97.704,80.461,82.153,8.33,10.59,1.127
2021-10-01,fb,Fast Food Outlets,103.676,100.042,87.407,84.174,7.67,10.18,1.097
2021-11-01,fb,Fast Food Outlets,95.884,96.692,80.943,81.584,-2.76,-0.36,-0.04
2021-12-01,fb,Fast Food Outlets,106.145,103.194,89.605,87.936,-1.23,1.11,0.116
2022-01-01,fb,Fast Food Outlets,104.236,101.672,87.945,85.495,5.47,7.26,0.775
2022-02-01,fb,Fast Food Outlets,94.61,102.202,79.823,85.929,-0.82,0.85,0.09
2022-03-01,fb,Fast Food Outlets,103.527,103.736,87.811,87.739,1.38,3.64,0.395
2022-04-01,fb,Fast Food Outlets,93.572,102.111,80.082,86.979,0.41,3.57,0.371
2022-05-01,fb,Fast Food Outlets,107.072,104.028,91.635,89.183,10.18,13.65,1.67
2022-06-01,fb,Fast Food Outlets,102.671,105.821,89.173,91.925,6.36,11.34,1.608
2022-07-01,fb,Fast Food Outlets,110.414,105.224,96.612,92.147,5.58,11.14,1.442
2022-08-01,fb,Fast Food Outlets,109.884,106.764,96.149,93.532,8.54,13.49,1.702
2022-09-01,fb,Fast Food Outlets,109.516,109.854,96.399,97.055,14.06,19.81,2.226
2022-10-01,fb,Fast Food Outlets,112.128,107.047,100.316,95.708,8.15,14.77,1.836
2022-11-01,fb,Fast Food Outlets,108.505,111.109,97.075,99.294,13.16,19.93,2.137
2022-12-01,fb,Fast Food Outlets,114.744,109.288,102.656,98.647,8.1,14.57,1.433
2023-01-01,fb,Fast Food Outlets,113.801,106.792,104.17,96.954,9.18,18.45,1.927
2023-02-01,fb,Fast Food Outlets,94.926,109.332,86.892,99.869,0.33,8.86,0.947
2023-03-01,fb,Fast Food Outlets,106.089,106.823,97.653,98.169,2.47,11.21,1.202
2023-04-01,fb,Fast Food Outlets,102.467,107.05,96.05,99.856,9.51,19.94,1.924
2023-05-01,fb,Fast Food Outlets,105.592,107.091,98.979,100.623,-1.38,8.01,0.795
2023-06-01,fb,Fast Food Outlets,107.686,110.154,101.163,103.43,4.88,13.45,1.332
2023-07-01,fb,Fast Food Outlets,110.918,105.335,104.382,99.395,0.46,8.04,0.813
2023-08-01,fb,Fast Food Outlets,110.253,107.079,103.756,100.918,0.34,7.91,0.806
2023-09-01,fb,Fast Food Outlets,107.901,106.034,101.708,100.465,-1.47,5.51,0.572
2023-10-01,fb,Fast Food Outlets,107.42,103.95,101.51,98.013,-4.2,1.19,0.124
2023-11-01,fb,Fast Food Outlets,99.258,101.74,94.668,97.073,-8.52,-2.48,-0.254
2023-12-01,fb,Fast Food Outlets,104.745,99.485,99.901,95.479,-8.71,-2.68,-0.266
2024-01-01,fb,Fast Food Outlets,95.757,99.447,93.851,96.819,-15.86,-9.91,-1.004
2024-02-01,fb,Fast Food Outlets,96.925,99.687,95.011,97.355,2.11,9.34,0.896
2024-03-01,fb,Fast Food Outlets,98.571,98.57,96.624,96.485,-7.09,-1.05,-0.107
2024-04-01,fb,Fast Food Outlets,97.244,101.937,95.342,99.305,-5.1,-0.74,-0.074
2024-05-01,fb,Fast Food Outlets,103.289,104.244,99.759,100.973,-2.18,0.79,0.078
2024-06-01,fb,Fast Food Outlets,99.824,99.624,96.412,96.264,-7.3,-4.7,-0.492
2024-07-01,fb,Fast Food Outlets,101.229,99.422,97.69,96.142,-8.74,-6.41,-0.658
2024-08-01,fb,Fast Food Outlets,107.637,101.722,103.975,98.541,-2.37,0.21,0.021
2024-09-01,fb,Fast Food Outlets,100.801,99.25,97.372,96.528,-6.58,-4.26,-0.438
2024-10-01,fb,Fast Food Outlets,101.235,99.175,100.016,97.851,-5.76,-1.47,-0.151
2024-11-01,fb,Fast Food Outlets,97.217,97.957,96.046,96.705,-2.06,1.46,0.143
2024-12-01,fb,Fast Food Outlets,102.66,99.366,101.424,98.495,-1.99,1.52,0.146
2025-01-01,fb,Fast Food Outlets,104.744,103.786,103.512,101.844,9.39,10.29,0.992
2025-02-01,fb,Fast Food Outlets,88.932,99.678,87.887,98.119,-8.25,-7.5,-0.684
2025-03-01,fb,Fast Food Outlets,96.188,98.773,95.061,97.597,-2.42,-1.62,-0.155
2025-04-01,fb,Fast Food Outlets,98.47,101.084,98.387,100.33,1.26,3.19,0.318
2025-05-01,fb,Fast Food Outlets,102.329,100.385,102.243,100.579,-0.93,2.49,0.24
2025-06-01,fb,Fast Food Outlets,97.083,98.285,96.89,98.269,-2.75,0.5,0.049
2025-07-01,fb,Fast Food Outlets,103.116,101.378,103.292,101.788,1.86,5.73,0.551
2025-08-01,fb,Fast Food Outlets,105.299,98.64,105.478,99.088,-2.17,1.45,0.141
2025-09-01,fb,Fast Food Outlets,98.443,97.943,98.895,98.999,-2.34,1.56,0.152
2025-10-01,fb,Fast Food Outlets,103.865,101.47,104.655,102.232,2.6,4.64,0.452
2025-11-01,fb,Fast Food Outlets,100.75,100.792,101.834,101.823,3.63,6.03,0.579
2025-12-01,fb,Fast Food Outlets,100.78,99.265,101.864,100.463,-1.83,0.43,0.042
2026-01-01,fb,Fast Food Outlets,101.305,104.333,102.455,104.79,-3.28,-1.02,-0.1
2026-02-01,fb,Fast Food Outlets,91.416,96.483,92.454,97.142,2.79,5.2,0.468
2026-03-01,fb,Fast Food Outlets,98.91,100.104,100.033,101.05,2.83,5.23,0.509
2026-04-01,fb,Fast Food Outlets,99.411,105.129,100.932,106.224,0.96,2.59,0.262
2026-05-01,fb,Fast Food Outlets,103.064,100.174,104.753,102.103,0.72,2.45,0.239
2026-06-01,fb,Fast Food Outlets,96.518,98.773,98.1,100.52,-0.58,1.25,0.124
2026-07-01,fb,Fast Food Outlets,106.016,103.993,107.999,106.332,2.81,4.56,0.453
2016-01-01,fb,Food Caterers,109.459,103.782,85.275,82.255,2.27,2.35,0.221
2016-02-01,fb,Food Caterers,108.305,100.839,84.376,77.988,-3.49,-3.41,-0.335
2016-03-01,fb,Food Caterers,101.09,102.498,78.756,80.144,-0.96,-0.88,-0.079
2016-04-01,fb,Food Caterers,94.493,103.98,74.227,82.339,-4.77,-4.01,-0.372
2016-05-01,fb,Food Caterers,99.114,104.441,77.858,82.553,-4.61,-3.85,-0.353
2016-06-01,fb,Food Caterers,97.479,103.595,76.378,80.688,-2.63,-2.1,-0.197
2016-07-01,fb,Food Caterers,105.78,105.82,83.035,82.067,-0.56,0.19,0.019
2016-08-01,fb,Food Caterers,112.642,106.41,88.422,82.987,-0.51,0.25,0.025
2016-09-01,fb,Food Caterers,101.756,103.942,79.877,81.234,-2.13,-1.39,-0.131
2016-10-01,fb,Food Caterers,104.942,107.603,82.832,84.794,4.4,5.77,0.513
2016-11-01,fb,Food Caterers,107.827,105.734,85.11,84.047,6.07,7.46,0.696
2016-12-01,fb,Food Caterers,111.276,104.877,87.832,83.061,3.5,4.87,0.453
2017-01-01,fb,Food Caterers,127.793,115.604,100.879,92.725,16.75,18.3,1.768
2017-02-01,fb,Food Caterers,108.988,105.365,87.057,84.465,0.63,3.18,0.305
2017-03-01,fb,Food Caterers,98.879,100.284,78.982,80.329,-2.19,0.29,0.026
2017-04-01,fb,Food Caterers,89.035,98.82,71.118,78.982,-5.78,-4.19,-0.368
2017-05-01,fb,Food Caterers,93.04,98.788,74.318,78.88,-6.13,-4.55,-0.4
2017-06-01,fb,Food Caterers,93.638,100.672,74.795,78.807,-3.94,-2.07,-0.19
2017-07-01,fb,Food Caterers,103.169,102.73,82.408,81.331,-2.47,-0.76,-0.07
2017-08-01,fb,Food Caterers,110.156,103.756,87.989,82.614,-2.21,-0.49,-0.05
2017-09-01,fb,Food Caterers,115.423,117.97,92.197,93.938,13.43,15.42,1.395
2017-10-01,fb,Food Caterers,98.393,100.994,78.653,80.459,-6.24,-5.05,-0.471
2017-11-01,fb,Food Caterers,108.48,105.74,86.717,85.573,0.61,1.89,0.192
2017-12-01,fb,Food Caterers,108.795,101.812,86.968,82.082,-2.23,-0.98,-0.096
2018-01-01,fb,Food Caterers,98.002,93.869,79.032,76.357,-23.31,-21.66,-2.292
2018-02-01,fb,Food Caterers,118.691,108.538,95.718,88.787,8.9,9.95,1.009
2018-03-01,fb,Food Caterers,103.822,105.018,83.727,85.201,5.0,6.01,0.553
2018-04-01,fb,Food Caterers,90.311,100.576,72.35,80.285,1.43,1.73,0.148
2018-05-01,fb,Food Caterers,98.829,105.357,79.174,83.892,6.22,6.53,0.575
2018-06-01,fb,Food Caterers,98.184,105.131,78.657,82.776,4.85,5.16,0.474
2018-07-01,fb,Food Caterers,101.4,101.517,82.34,81.136,-1.71,-0.08,-0.008
2018-08-01,fb,Food Caterers,109.298,103.114,88.754,83.429,-0.78,0.87,0.087
2018-09-01,fb,Food Caterers,103.486,106.026,84.034,85.926,-10.34,-8.85,-0.946
2018-10-01,fb,Food Caterers,102.969,105.822,83.053,84.778,4.65,5.59,0.505
2018-11-01,fb,Food Caterers,106.431,103.461,85.846,84.56,-1.89,-1.0,-0.102
2018-12-01,fb,Food Caterers,114.975,106.823,92.738,87.302,5.68,6.63,0.631
2019-01-01,fb,Food Caterers,105.631,101.916,88.094,85.473,7.78,11.47,1.079
2019-02-01,fb,Food Caterers,105.725,96.69,88.811,82.478,-10.92,-7.22,-0.765
2019-03-01,fb,Food Caterers,99.976,100.793,83.982,85.636,-3.7,0.3,0.029
2019-04-01,fb,Food Caterers,91.345,101.38,76.804,85.079,1.14,6.16,0.539
2019-05-01,fb,Food Caterers,93.039,101.49,78.229,82.686,-5.86,-1.19,-0.11
2019-06-01,fb,Food Caterers,99.411,103.68,83.585,88.008,1.25,6.27,0.582
2019-07-01,fb,Food Caterers,101.944,102.08,86.463,85.061,0.54,5.01,0.471
2019-08-01,fb,Food Caterers,108.546,102.755,92.062,86.628,-0.69,3.73,0.363
2019-09-01,fb,Food Caterers,98.575,101.528,83.605,85.778,-4.75,-0.51,-0.049
2019-10-01,fb,Food Caterers,95.461,98.088,81.834,83.292,-7.29,-1.47,-0.138
2019-11-01,fb,Food Caterers,101.141,98.302,86.703,85.155,-4.97,1.0,0.098
2019-12-01,fb,Food Caterers,103.653,95.775,88.857,83.585,-9.85,-4.18,-0.406
2020-01-01,fb,Food Caterers,110.731,98.657,95.057,85.345,4.83,7.9,0.775
2020-02-01,fb,Food Caterers,69.212,69.452,59.415,59.918,-34.54,-33.1,-3.29
2020-03-01,fb,Food Caterers,39.695,39.958,34.076,34.796,-60.3,-59.42,-5.519
2020-04-01,fb,Food Caterers,37.848,41.619,32.537,35.955,-58.57,-57.64,-5.158
2020-05-01,fb,Food Caterers,53.872,59.083,46.313,48.813,-42.1,-40.8,-3.639
2020-06-01,fb,Food Caterers,50.551,52.242,43.458,45.892,-49.15,-48.01,-4.491
2020-07-01,fb,Food Caterers,55.158,54.945,47.418,46.601,-45.89,-45.16,-4.304
2020-08-01,fb,Food Caterers,31.467,29.911,27.052,25.504,-71.01,-70.62,-6.86
2020-09-01,fb,Food Caterers,21.513,22.312,18.494,18.99,-78.18,-77.88,-7.136
2020-10-01,fb,Food Caterers,22.52,23.012,19.413,19.681,-76.41,-76.28,-6.781
2020-11-01,fb,Food Caterers,24.814,24.085,21.39,20.975,-75.47,-75.33,-7.056
2020-12-01,fb,Food Caterers,27.184,25.012,23.433,22.068,-73.77,-73.63,-6.713
2021-01-01,fb,Food Caterers,27.172,26.534,23.481,22.984,-75.46,-75.3,-7.303
2021-02-01,fb,Food Caterers,30.627,28.546,26.467,24.537,-55.75,-55.45,-4.438
2021-03-01,fb,Food Caterers,29.668,29.988,25.638,26.238,-25.26,-24.76,-1.218
2021-04-01,fb,Food Caterers,25.999,28.401,22.467,24.754,-31.31,-30.95,-2.456
2021-05-01,fb,Food Caterers,26.061,28.298,22.52,23.697,-51.62,-51.37,-5.508
2021-06-01,fb,Food Caterers,28.318,29.447,24.472,25.91,-43.98,-43.69,-3.758
2021-07-01,fb,Food Caterers,29.867,29.505,25.847,25.365,-45.85,-45.49,-3.141
2021-08-01,fb,Food Caterers,31.051,29.55,26.871,25.414,-1.32,-0.67,-0.026
2021-09-01,fb,Food Caterers,29.14,30.357,25.218,25.888,35.45,36.36,1.023
2021-10-01,fb,Food Caterers,31.357,31.703,27.201,27.472,39.24,40.12,1.101
2021-11-01,fb,Food Caterers,34.281,33.163,29.737,29.105,38.15,39.02,1.16
2021-12-01,fb,Food Caterers,39.729,36.524,34.464,32.486,46.15,47.07,1.351
2022-01-01,fb,Food Caterers,39.504,38.938,34.568,33.919,45.38,47.22,1.501
2022-02-01,fb,Food Caterers,38.18,35.918,33.409,30.982,24.66,26.23,0.964
2022-03-01,fb,Food Caterers,43.392,44.24,37.97,38.983,46.26,48.1,1.643
2022-04-01,fb,Food Caterers,45.654,50.516,39.95,43.804,75.6,77.82,2.452
2022-05-01,fb,Food Caterers,49.859,52.565,45.394,47.718,91.32,101.57,3.613
2022-06-01,fb,Food Caterers,56.504,59.412,51.443,54.632,99.53,110.21,4.97
2022-07-01,fb,Food Caterers,65.249,64.008,60.212,58.951,118.47,132.96,5.325
2022-08-01,fb,Food Caterers,66.342,63.049,61.22,58.122,113.65,127.83,5.324
2022-09-01,fb,Food Caterers,64.348,67.037,59.381,60.949,120.82,135.47,4.966
2022-10-01,fb,Food Caterers,71.594,71.504,66.019,66.407,128.32,142.71,5.746
2022-11-01,fb,Food Caterers,77.8,75.039,71.742,70.085,126.95,141.26,5.792
2022-12-01,fb,Food Caterers,80.81,74.582,74.518,70.333,103.4,116.22,4.576
2023-01-01,fb,Food Caterers,76.924,70.182,73.139,66.19,94.72,111.58,4.767
2023-02-01,fb,Food Caterers,69.804,71.551,66.369,66.851,82.83,98.66,4.597
2023-03-01,fb,Food Caterers,70.819,72.864,67.334,69.387,63.21,77.33,3.732
2023-04-01,fb,Food Caterers,66.826,73.821,64.527,70.462,46.37,61.52,3.082
2023-05-01,fb,Food Caterers,73.667,76.834,71.132,74.579,47.75,56.7,2.899
2023-06-01,fb,Food Caterers,68.799,73.319,66.432,70.815,21.76,29.14,1.733
2023-07-01,fb,Food Caterers,76.779,75.114,74.682,73.005,17.67,24.03,1.576
2023-08-01,fb,Food Caterers,81.791,77.515,79.557,75.742,23.29,29.95,2.023
2023-09-01,fb,Food Caterers,75.825,78.666,73.754,75.795,17.84,24.2,1.613
2023-10-01,fb,Food Caterers,80.888,80.046,79.023,79.153,12.98,19.7,1.403
2023-11-01,fb,Food Caterers,82.167,79.279,80.273,78.297,5.61,11.89,0.938
2023-12-01,fb,Food Caterers,87.3,81.314,85.287,80.539,8.03,14.45,1.081
2024-01-01,fb,Food Caterers,80.464,80.219,79.722,78.584,4.6,9.0,0.667
2024-02-01,fb,Food Caterers,93.63,87.421,92.767,85.834,34.13,39.77,3.03
2024-03-01,fb,Food Caterers,77.193,80.735,76.481,79.217,9.0,13.58,0.989
2024-04-01,fb,Food Caterers,78.285,85.243,78.279,85.155,17.15,21.31,1.498
2024-05-01,fb,Food Caterers,84.508,87.868,84.502,88.289,14.72,18.8,1.385
2024-06-01,fb,Food Caterers,79.255,85.386,79.249,84.893,15.2,19.29,1.381
2024-07-01,fb,Food Caterers,88.701,86.874,88.694,86.497,15.53,18.76,1.435
2024-08-01,fb,Food Caterers,99.149,93.8,99.141,94.646,21.22,24.62,1.991
2024-09-01,fb,Food Caterers,87.847,90.658,87.84,90.477,15.85,19.1,1.479
2024-10-01,fb,Food Caterers,92.6,91.18,92.61,92.327,14.48,17.19,1.432
2024-11-01,fb,Food Caterers,95.703,92.577,95.713,93.175,16.47,19.23,1.672
2024-12-01,fb,Food Caterers,99.217,93.398,99.227,93.748,13.65,16.34,1.393
2025-01-01,fb,Food Caterers,103.547,99.316,103.547,98.644,28.69,29.89,2.547
2025-02-01,fb,Food Caterers,102.556,98.448,102.556,98.278,9.53,10.55,0.978
2025-03-01,fb,Food Caterers,87.759,93.73,87.759,91.355,13.69,14.75,1.162
2025-04-01,fb,Food Caterers,94.576,100.688,94.576,102.567,20.81,20.82,1.772
2025-05-01,fb,Food Caterers,95.138,98.878,95.138,98.943,12.58,12.59,1.069
2025-06-01,fb,Food Caterers,88.067,95.465,88.067,94.876,11.12,11.13,0.934
2025-07-01,fb,Food Caterers,104.894,102.975,104.894,102.123,18.26,18.27,1.657
2025-08-01,fb,Food Caterers,102.859,97.276,102.859,98.431,3.74,3.75,0.362
2025-09-01,fb,Food Caterers,101.317,104.128,101.317,104.501,15.33,15.34,1.396
2025-10-01,fb,Food Caterers,106.065,104.23,106.065,105.278,14.54,14.53,1.365
2025-11-01,fb,Food Caterers,106.68,103.477,106.68,103.686,11.47,11.46,1.142
2025-12-01,fb,Food Caterers,106.543,101.074,106.543,100.684,7.38,7.37,0.724
2026-01-01,fb,Food Caterers,104.996,104.179,104.996,103.785,1.4,1.4,0.143
2026-02-01,fb,Food Caterers,115.659,106.47,115.659,106.977,12.78,12.78,1.397
2026-03-01,fb,Food Caterers,99.64,106.313,99.64,104.011,13.54,13.54,1.267
2026-04-01,fb,Food Caterers,96.012,102.086,96.012,103.839,1.52,1.52,0.154
2026-05-01,fb,Food Caterers,96.507,100.35,96.507,100.014,1.44,1.44,0.136
2026-06-01,fb,Food Caterers,93.199,101.213,93.199,100.993,5.83,5.83,0.545
2026-07-01,fb,Food Caterers,104.429,102.678,105.173,102.454,-0.44,0.27,0.028
2016-01-01,fb,Food Courts & Other Eating Places,118.583,117.857,95.037,94.502,-1.77,0.21,0.05
2016-02-01,fb,Food Courts & Other Eating Places,110.257,121.451,88.636,97.714,3.39,5.73,1.203
2016-03-01,fb,Food Courts & Other Eating Places,124.345,120.445,100.106,96.921,4.76,7.16,1.696
2016-04-01,fb,Food Courts & Other Eating Places,119.073,119.865,95.988,96.602,3.12,5.35,1.302
2016-05-01,fb,Food Courts & Other Eating Places,123.3,122.676,99.479,98.81,4.0,5.94,1.405
2016-06-01,fb,Food Courts & Other Eating Places,120.216,122.547,97.118,99.82,4.56,6.38,1.556
2016-07-01,fb,Food Courts & Other Eating Places,122.373,120.021,99.05,96.497,2.61,4.41,1.07
2016-08-01,fb,Food Courts & Other Eating Places,119.181,115.19,96.615,93.431,-0.31,1.52,0.36
2016-09-01,fb,Food Courts & Other Eating Places,123.693,122.96,100.365,99.788,5.91,7.85,1.901
2016-10-01,fb,Food Courts & Other Eating Places,120.476,118.545,97.823,96.175,2.79,4.45,1.054
2016-11-01,fb,Food Courts & Other Eating Places,114.867,116.909,93.331,94.94,3.22,4.89,1.14
2016-12-01,fb,Food Courts & Other Eating Places,121.07,118.992,98.501,96.9,3.37,5.12,1.188
2017-01-01,fb,Food Courts & Other Eating Places,117.377,117.921,95.613,96.001,-1.02,0.61,0.145
2017-02-01,fb,Food Courts & Other Eating Places,113.708,124.011,92.398,100.931,3.13,4.24,0.953
2017-03-01,fb,Food Courts & Other Eating Places,127.325,122.718,103.6,99.802,2.4,3.49,0.9
2017-04-01,fb,Food Courts & Other Eating Places,119.938,120.811,97.723,98.372,0.73,1.81,0.457
2017-05-01,fb,Food Courts & Other Eating Places,118.241,118.342,96.549,96.392,-4.1,-2.95,-0.737
2017-06-01,fb,Food Courts & Other Eating Places,114.97,117.932,94.024,96.923,-4.36,-3.19,-0.827
2017-07-01,fb,Food Courts & Other Eating Places,122.877,120.833,100.553,98.595,0.41,1.52,0.372
2017-08-01,fb,Food Courts & Other Eating Places,125.221,120.873,102.473,98.897,5.07,6.06,1.499
2017-09-01,fb,Food Courts & Other Eating Places,121.292,120.39,99.306,98.55,-1.94,-1.06,-0.267
2017-10-01,fb,Food Courts & Other Eating Places,120.536,118.204,99.201,97.192,0.05,1.41,0.346
2017-11-01,fb,Food Courts & Other Eating Places,117.96,118.914,97.191,97.909,2.69,4.14,1.025
2017-12-01,fb,Food Courts & Other Eating Places,117.413,115.318,96.814,95.41,-3.02,-1.71,-0.418
2018-01-01,fb,Food Courts & Other Eating Places,118.496,117.647,97.822,97.129,0.95,2.31,0.516
2018-02-01,fb,Food Courts & Other Eating Places,106.017,117.551,87.641,97.23,-6.76,-5.15,-1.233
2018-03-01,fb,Food Courts & Other Eating Places,121.689,117.069,100.805,96.93,-4.43,-2.7,-0.726
2018-04-01,fb,Food Courts & Other Eating Places,116.646,117.752,96.824,97.643,-2.74,-0.92,-0.241
2018-05-01,fb,Food Courts & Other Eating Places,114.985,115.735,95.536,95.844,-2.75,-1.05,-0.267
2018-06-01,fb,Food Courts & Other Eating Places,112.78,116.211,93.759,96.931,-1.9,-0.28,-0.072
2018-07-01,fb,Food Courts & Other Eating Places,119.353,117.424,99.335,97.593,-2.87,-1.21,-0.31
2018-08-01,fb,Food Courts & Other Eating Places,123.573,119.352,103.022,99.407,-1.32,0.54,0.14
2018-09-01,fb,Food Courts & Other Eating Places,118.312,117.044,98.754,97.642,-2.46,-0.56,-0.142
2018-10-01,fb,Food Courts & Other Eating Places,121.572,119.006,101.501,99.24,0.86,2.32,0.587
2018-11-01,fb,Food Courts & Other Eating Places,120.628,120.712,100.803,100.785,2.26,3.72,0.943
2018-12-01,fb,Food Courts & Other Eating Places,121.079,118.375,101.227,99.783,3.12,4.56,1.074
2019-01-01,fb,Food Courts & Other Eating Places,120.655,119.631,101.244,100.362,1.82,3.5,0.907
2019-02-01,fb,Food Courts & Other Eating Places,107.144,119.416,90.031,100.24,1.06,2.73,0.589
2019-03-01,fb,Food Courts & Other Eating Places,126.715,122.32,106.594,102.86,4.13,5.74,1.447
2019-04-01,fb,Food Courts & Other Eating Places,120.428,122.273,101.338,102.645,3.24,4.66,1.216
2019-05-01,fb,Food Courts & Other Eating Places,117.804,118.626,99.256,100.755,2.45,3.89,0.964
2019-06-01,fb,Food Courts & Other Eating Places,114.462,117.904,96.537,98.658,1.49,2.96,0.73
2019-07-01,fb,Food Courts & Other Eating Places,119.162,117.211,100.562,98.699,-0.16,1.24,0.312
2019-08-01,fb,Food Courts & Other Eating Places,121.117,117.193,102.451,98.984,-1.99,-0.55,-0.139
2019-09-01,fb,Food Courts & Other Eating Places,120.24,118.832,101.789,100.506,1.63,3.07,0.773
2019-10-01,fb,Food Courts & Other Eating Places,122.576,119.729,103.778,101.242,0.83,2.24,0.575
2019-11-01,fb,Food Courts & Other Eating Places,119.965,119.482,101.63,101.158,-0.55,0.82,0.209
2019-12-01,fb,Food Courts & Other Eating Places,119.478,116.162,101.266,99.729,-1.32,0.04,0.009
2020-01-01,fb,Food Courts & Other Eating Places,114.757,116.263,97.242,98.33,-4.89,-3.95,-0.991
2020-02-01,fb,Food Courts & Other Eating Places,102.324,112.05,86.88,94.987,-4.5,-3.5,-0.785
2020-03-01,fb,Food Courts & Other Eating Places,107.83,104.722,91.814,89.149,-14.9,-13.87,-3.638
2020-04-01,fb,Food Courts & Other Eating Places,63.725,65.043,54.383,55.286,-47.08,-46.34,-12.176
2020-05-01,fb,Food Courts & Other Eating Places,55.121,55.327,47.06,47.36,-53.21,-52.59,-13.244
2020-06-01,fb,Food Courts & Other Eating Places,71.997,73.949,61.472,62.976,-37.1,-36.32,-8.733
2020-07-01,fb,Food Courts & Other Eating Places,98.15,96.426,83.838,82.107,-17.63,-16.63,-4.103
2020-08-01,fb,Food Courts & Other Eating Places,99.742,96.672,85.266,82.496,-17.65,-16.77,-4.036
2020-09-01,fb,Food Courts & Other Eating Places,96.45,95.214,82.583,81.454,-19.79,-18.87,-4.685
2020-10-01,fb,Food Courts & Other Eating Places,103.763,101.241,88.999,86.768,-15.35,-14.24,-3.573
2020-11-01,fb,Food Courts & Other Eating Places,103.395,103.065,88.742,88.483,-13.81,-12.68,-3.099
2020-12-01,fb,Food Courts & Other Eating Places,109.625,106.256,94.227,92.789,-8.25,-6.95,-1.607
2021-01-01,fb,Food Courts & Other Eating Places,103.211,102.498,88.755,88.018,-10.06,-8.73,-1.927
2021-02-01,fb,Food Courts & Other Eating Places,92.465,103.362,79.554,88.535,-9.64,-8.43,-2.196
2021-03-01,fb,Food Courts & Other Eating Places,106.058,103.727,91.273,89.22,-1.64,-0.59,-0.174
2021-04-01,fb,Food Courts & Other Eating Places,101.335,104.084,87.362,89.42,59.02,60.64,17.904
2021-05-01,fb,Food Courts & Other Eating Places,87.556,87.155,75.638,75.395,58.84,60.73,14.723
2021-06-01,fb,Food Courts & Other Eating Places,79.152,80.889,68.576,69.889,9.94,11.56,3.129
2021-07-01,fb,Food Courts & Other Eating Places,90.328,88.559,78.316,76.512,-7.97,-6.59,-1.79
2021-08-01,fb,Food Courts & Other Eating Places,89.889,87.053,78.11,75.518,-9.88,-8.39,-2.307
2021-09-01,fb,Food Courts & Other Eating Places,92.703,91.606,80.568,79.572,-3.88,-2.44,-0.682
2021-10-01,fb,Food Courts & Other Eating Places,93.535,91.329,81.488,79.53,-9.86,-8.44,-2.364
2021-11-01,fb,Food Courts & Other Eating Places,92.924,93.132,81.117,81.355,-10.13,-8.59,-2.359
2021-12-01,fb,Food Courts & Other Eating Places,102.129,98.987,89.24,88.072,-6.84,-5.29,-1.36
2022-01-01,fb,Food Courts & Other Eating Places,101.947,101.581,89.471,88.922,-1.22,0.81,0.216
2022-02-01,fb,Food Courts & Other Eating Places,87.281,97.222,76.916,85.169,-5.61,-3.32,-0.815
2022-03-01,fb,Food Courts & Other Eating Places,102.066,100.24,90.57,88.9,-3.76,-0.77,-0.208
2022-04-01,fb,Food Courts & Other Eating Places,100.164,103.071,89.625,92.862,-1.16,2.59,0.706
2022-05-01,fb,Food Courts & Other Eating Places,108.005,106.664,97.252,95.147,23.36,28.58,7.598
2022-06-01,fb,Food Courts & Other Eating Places,104.079,106.011,94.751,96.192,31.49,38.17,10.734
2022-07-01,fb,Food Courts & Other Eating Places,107.958,105.509,99.168,96.605,19.52,26.63,7.191
2022-08-01,fb,Food Courts & Other Eating Places,107.585,103.901,99.334,95.811,19.69,27.17,7.321
2022-09-01,fb,Food Courts & Other Eating Places,105.538,104.484,98.026,97.044,13.85,21.67,5.648
2022-10-01,fb,Food Courts & Other Eating Places,109.108,106.807,101.811,99.651,16.65,24.94,6.695
2022-11-01,fb,Food Courts & Other Eating Places,106.192,107.321,99.355,100.519,14.28,22.48,5.597
2022-12-01,fb,Food Courts & Other Eating Places,108.055,105.003,101.494,100.472,5.8,13.73,3.116
2023-01-01,fb,Food Courts & Other Eating Places,103.435,105.428,98.156,99.574,1.46,9.71,2.389
2023-02-01,fb,Food Courts & Other Eating Places,99.897,108.555,95.1,102.689,14.45,23.64,5.645
2023-03-01,fb,Food Courts & Other Eating Places,108.523,106.852,103.837,102.274,6.33,14.65,3.753
2023-04-01,fb,Food Courts & Other Eating Places,103.552,106.477,99.724,102.448,3.38,11.27,2.819
2023-05-01,fb,Food Courts & Other Eating Places,107.596,105.433,103.869,101.605,-0.38,6.8,1.658
2023-06-01,fb,Food Courts & Other Eating Places,104.238,105.933,100.972,102.218,0.15,6.57,1.6
2023-07-01,fb,Food Courts & Other Eating Places,106.977,104.183,103.785,100.813,-0.91,4.66,1.119
2023-08-01,fb,Food Courts & Other Eating Places,109.53,105.437,106.298,102.236,1.81,7.01,1.709
2023-09-01,fb,Food Courts & Other Eating Places,104.482,103.87,101.662,101.119,-1.0,3.71,0.908
2023-10-01,fb,Food Courts & Other Eating Places,105.57,103.565,103.052,101.122,-3.24,1.22,0.298
2023-11-01,fb,Food Courts & Other Eating Places,101.039,102.762,98.857,100.694,-4.85,-0.5,-0.122
2023-12-01,fb,Food Courts & Other Eating Places,104.456,102.068,102.321,101.644,-3.33,0.81,0.185
2024-01-01,fb,Food Courts & Other Eating Places,101.546,101.614,101.679,101.316,-1.83,3.59,0.794
2024-02-01,fb,Food Courts & Other Eating Places,95.621,105.647,95.882,105.126,-4.28,0.82,0.2
2024-03-01,fb,Food Courts & Other Eating Places,103.847,102.168,104.111,103.167,-4.31,0.26,0.066
2024-04-01,fb,Food Courts & Other Eating Places,98.515,100.956,98.951,100.849,-4.86,-0.78,-0.187
2024-05-01,fb,Food Courts & Other Eating Places,104.229,101.709,104.721,101.879,-3.13,0.82,0.196
2024-06-01,fb,Food Courts & Other Eating Places,98.515,100.032,98.848,99.974,-5.49,-2.1,-0.509
2024-07-01,fb,Food Courts & Other Eating Places,103.981,101.044,103.62,100.502,-2.8,-0.16,-0.038
2024-08-01,fb,Food Courts & Other Eating Places,107.046,102.776,106.621,102.313,-2.27,0.3,0.073
2024-09-01,fb,Food Courts & Other Eating Places,102.639,102.415,101.75,101.624,-1.76,0.09,0.021
2024-10-01,fb,Food Courts & Other Eating Places,103.142,101.319,102.439,100.711,-2.3,-0.59,-0.144
2024-11-01,fb,Food Courts & Other Eating Places,98.801,100.928,98.106,100.433,-2.21,-0.76,-0.181
2024-12-01,fb,Food Courts & Other Eating Places,99.835,98.001,99.172,98.639,-4.42,-3.08,-0.7
2025-01-01,fb,Food Courts & Other Eating Places,98.2,99.221,97.665,98.216,-3.3,-3.95,-0.955
2025-02-01,fb,Food Courts & Other Eating Places,91.195,99.639,90.834,98.551,-4.63,-5.26,-1.122
2025-03-01,fb,Food Courts & Other Eating Places,98.39,96.647,98.076,97.956,-5.25,-5.8,-1.384
2025-04-01,fb,Food Courts & Other Eating Places,101.186,103.497,100.915,101.872,2.71,1.98,0.475
2025-05-01,fb,Food Courts & Other Eating Places,106.49,103.669,106.265,103.033,2.17,1.47,0.345
2025-06-01,fb,Food Courts & Other Eating Places,100.487,102.015,100.364,101.496,2.0,1.53,0.357
2025-07-01,fb,Food Courts & Other Eating Places,104.668,101.541,104.603,101.336,0.66,0.95,0.224
2025-08-01,fb,Food Courts & Other Eating Places,106.097,101.677,106.141,101.676,-0.89,-0.45,-0.104
2025-09-01,fb,Food Courts & Other Eating Places,97.35,97.36,97.676,97.807,-5.15,-4.0,-0.939
2025-10-01,fb,Food Courts & Other Eating Places,99.798,98.144,100.262,98.687,-3.24,-2.13,-0.491
2025-11-01,fb,Food Courts & Other Eating Places,97.075,99.384,97.601,100.129,-1.75,-0.51,-0.117
2025-12-01,fb,Food Courts & Other Eating Places,99.063,97.504,99.599,99.181,-0.77,0.43,0.094
2026-01-01,fb,Food Courts & Other Eating Places,97.664,97.882,98.388,98.177,-0.55,0.74,0.158
2026-02-01,fb,Food Courts & Other Eating Places,85.832,94.508,86.655,94.732,-5.88,-4.6,-0.992
2026-03-01,fb,Food Courts & Other Eating Places,95.154,93.305,96.239,95.185,-3.29,-1.87,-0.436
2026-04-01,fb,Food Courts & Other Eating Places,95.486,97.548,96.897,98.633,-5.63,-3.98,-0.96
2026-05-01,fb,Food Courts & Other Eating Places,98.696,96.051,100.444,97.277,-7.32,-5.48,-1.286
2026-06-01,fb,Food Courts & Other Eating Places,92.855,94.324,94.746,95.876,-7.6,-5.6,-1.329
2026-07-01,fb,Food Courts & Other Eating Places,95.473,92.529,97.741,94.625,-8.78,-6.56,-1.531
2016-01-01,fb,Restaurants,144.824,140.953,114.374,111.28,-5.74,-3.16,-1.947
2016-02-01,fb,Restaurants,154.682,138.957,122.94,110.15,-9.77,-6.72,-4.617
2016-03-01,fb,Restaurants,132.992,140.358,105.677,111.48,-13.38,-10.62,-6.632
2016-04-01,fb,Restaurants,134.242,141.458,106.849,112.546,-3.92,-0.93,-0.557
2016-05-01,fb,Restaurants,141.51,141.847,112.633,112.796,-6.61,-4.41,-2.73
2016-06-01,fb,Restaurants,129.007,136.722,102.687,108.888,-5.83,-3.78,-2.244
2016-07-01,fb,Restaurants,142.873,141.773,113.908,112.969,-1.98,-0.36,-0.222
2016-08-01,fb,Restaurants,131.331,134.182,105.027,107.332,-10.96,-9.25,-5.543
2016-09-01,fb,Restaurants,137.424,141.19,110.004,113.276,-1.61,0.28,0.164
2016-10-01,fb,Restaurants,140.101,135.792,112.107,108.702,-6.45,-4.93,-3.058
2016-11-01,fb,Restaurants,125.625,129.408,100.501,103.552,-13.12,-11.77,-7.318
2016-12-01,fb,Restaurants,139.436,125.64,111.716,100.873,-9.15,-7.63,-4.755
2017-01-01,fb,Restaurants,154.817,147.348,124.365,118.285,6.9,8.74,5.25
2017-02-01,fb,Restaurants,138.784,134.853,111.345,108.002,-10.28,-9.43,-6.121
2017-03-01,fb,Restaurants,123.911,130.08,99.627,104.47,-6.83,-5.72,-3.248
2017-04-01,fb,Restaurants,124.425,131.443,100.262,105.829,-7.31,-6.16,-3.613
2017-05-01,fb,Restaurants,128.371,129.86,103.475,104.586,-9.28,-8.13,-4.802
2017-06-01,fb,Restaurants,119.674,125.889,96.477,101.43,-7.23,-6.05,-3.458
2017-07-01,fb,Restaurants,126.963,127.099,102.412,102.514,-11.14,-10.09,-5.93
2017-08-01,fb,Restaurants,125.53,127.306,101.19,102.637,-4.42,-3.65,-2.046
2017-09-01,fb,Restaurants,124.527,126.03,100.413,101.894,-9.38,-8.72,-5.036
2017-10-01,fb,Restaurants,132.127,130.529,106.814,105.544,-5.69,-4.72,-2.769
2017-11-01,fb,Restaurants,123.338,126.123,99.788,102.135,-1.82,-0.71,-0.394
2017-12-01,fb,Restaurants,140.395,125.085,113.937,101.697,0.69,1.99,1.147
2018-01-01,fb,Restaurants,121.66,126.245,98.9,102.711,-21.42,-20.48,-12.391
2018-02-01,fb,Restaurants,146.664,136.031,119.671,110.711,5.68,7.48,4.497
2018-03-01,fb,Restaurants,128.114,130.251,104.625,106.313,3.39,5.02,2.704
2018-04-01,fb,Restaurants,118.264,126.877,96.912,103.804,-4.95,-3.34,-1.87
2018-05-01,fb,Restaurants,125.769,127.578,103.127,104.498,-2.03,-0.34,-0.191
2018-06-01,fb,Restaurants,124.281,128.148,101.924,105.018,3.85,5.65,3.097
2018-07-01,fb,Restaurants,124.187,126.516,101.911,103.731,-2.19,-0.49,-0.266
2018-08-01,fb,Restaurants,129.891,129.297,106.671,106.142,3.47,5.42,2.905
2018-09-01,fb,Restaurants,127.334,128.213,104.735,105.708,2.25,4.3,2.324
2018-10-01,fb,Restaurants,125.918,125.445,103.608,103.324,-4.7,-3.0,-1.705
2018-11-01,fb,Restaurants,125.617,127.91,103.414,105.425,1.85,3.63,1.973
2018-12-01,fb,Restaurants,145.019,130.114,119.517,107.533,3.29,4.9,2.831
2019-01-01,fb,Restaurants,129.09,128.3,106.75,106.172,6.11,7.94,4.335
2019-02-01,fb,Restaurants,140.835,133.013,116.686,110.004,-3.97,-2.49,-1.534
2019-03-01,fb,Restaurants,124.284,130.24,103.347,108.113,-2.99,-1.22,-0.666
2019-04-01,fb,Restaurants,118.285,128.914,98.461,107.13,0.02,1.6,0.869
2019-05-01,fb,Restaurants,126.971,126.798,105.839,105.539,0.96,2.63,1.464
2019-06-01,fb,Restaurants,129.346,131.721,108.038,109.894,4.08,6.0,3.349
2019-07-01,fb,Restaurants,126.29,129.24,105.593,108.008,1.69,3.61,1.949
2019-08-01,fb,Restaurants,133.551,131.494,111.807,110.073,2.82,4.81,2.612
2019-09-01,fb,Restaurants,129.326,131.506,108.247,110.24,1.56,3.35,1.865
2019-10-01,fb,Restaurants,131.079,131.311,109.881,110.243,4.1,6.05,3.302
2019-11-01,fb,Restaurants,131.647,132.695,110.415,111.554,4.8,6.77,3.695
2019-12-01,fb,Restaurants,144.871,131.837,121.809,111.195,-0.1,1.92,1.113
2020-01-01,fb,Restaurants,144.981,134.765,122.446,113.698,12.31,14.7,8.101
2020-02-01,fb,Restaurants,95.756,92.387,80.925,78.016,-32.01,-30.65,-18.557
2020-03-01,fb,Restaurants,83.339,90.093,70.461,76.012,-32.94,-31.82,-16.866
2020-04-01,fb,Restaurants,34.932,37.59,29.585,31.786,-70.47,-69.95,-37.216
2020-05-01,fb,Restaurants,39.646,38.705,33.575,32.73,-68.78,-68.28,-38.207
2020-06-01,fb,Restaurants,51.16,53.21,43.344,45.0,-60.45,-59.88,-33.573
2020-07-01,fb,Restaurants,86.638,87.246,73.403,73.852,-31.4,-30.48,-16.456
2020-08-01,fb,Restaurants,92.434,90.61,78.33,76.767,-30.79,-29.94,-16.382
2020-09-01,fb,Restaurants,90.017,92.12,76.178,78.074,-30.4,-29.63,-16.299
2020-10-01,fb,Restaurants,96.933,95.77,82.201,81.392,-26.05,-25.19,-13.943
2020-11-01,fb,Restaurants,97.384,99.55,82.843,84.917,-26.03,-24.97,-13.813
2020-12-01,fb,Restaurants,118.6,108.5,100.905,92.727,-18.13,-17.16,-9.946
2021-01-01,fb,Restaurants,99.275,98.153,84.552,83.606,-31.53,-30.95,-17.93
2021-02-01,fb,Restaurants,103.899,99.282,88.676,84.424,8.5,9.58,4.841
2021-03-01,fb,Restaurants,96.446,103.471,82.415,88.245,15.73,16.97,8.002
2021-04-01,fb,Restaurants,94.337,100.739,80.648,85.911,170.06,172.6,57.762
2021-05-01,fb,Restaurants,74.915,73.097,64.111,62.499,88.96,90.95,32.781
2021-06-01,fb,Restaurants,47.64,49.105,40.799,41.975,-6.88,-5.87,-2.336
2021-07-01,fb,Restaurants,68.023,67.729,58.271,58.001,-21.49,-20.61,-10.218
2021-08-01,fb,Restaurants,69.052,68.778,59.32,59.022,-25.3,-24.27,-12.769
2021-09-01,fb,Restaurants,84.112,85.481,72.334,73.661,-6.56,-5.05,-2.713
2021-10-01,fb,Restaurants,73.105,71.984,62.85,62.025,-24.58,-23.54,-12.69
2021-11-01,fb,Restaurants,92.003,95.953,79.101,82.77,-5.53,-4.52,-2.412
2021-12-01,fb,Restaurants,127.038,114.996,109.466,99.557,7.11,8.48,4.863
2022-01-01,fb,Restaurants,109.447,103.961,94.961,90.207,10.25,12.31,6.536
2022-02-01,fb,Restaurants,95.494,95.016,83.374,82.646,-8.09,-5.98,-3.414
2022-03-01,fb,Restaurants,97.141,105.417,85.448,92.491,0.72,3.68,1.874
2022-04-01,fb,Restaurants,106.594,112.085,94.608,99.254,12.99,17.31,9.079
2022-05-01,fb,Restaurants,118.565,116.626,105.929,104.008,58.27,65.23,30.632
2022-06-01,fb,Restaurants,110.665,113.881,99.337,102.058,132.29,143.48,50.021
2022-07-01,fb,Restaurants,114.122,112.243,103.064,101.29,67.77,76.87,32.188
2022-08-01,fb,Restaurants,108.86,108.591,99.218,98.925,57.65,67.26,28.675
2022-09-01,fb,Restaurants,107.939,109.266,98.659,100.046,28.33,36.39,17.746
2022-10-01,fb,Restaurants,110.652,110.131,101.53,101.415,51.36,61.54,26.549
2022-11-01,fb,Restaurants,105.22,109.605,97.18,101.585,14.37,22.86,11.56
2022-12-01,fb,Restaurants,124.641,112.83,115.246,104.87,-1.89,5.28,3.062
2023-01-01,fb,Restaurants,122.862,112.874,116.385,106.806,12.26,22.56,12.279
2023-02-01,fb,Restaurants,103.554,108.709,98.214,102.715,8.44,17.8,9.599
2023-03-01,fb,Restaurants,105.043,111.84,99.616,105.705,8.13,16.58,8.351
2023-04-01,fb,Restaurants,108.026,113.185,102.634,107.258,1.34,8.48,4.668
2023-05-01,fb,Restaurants,112.938,110.91,107.427,105.33,-4.75,1.41,0.782
2023-06-01,fb,Restaurants,105.523,108.638,100.456,103.221,-4.65,1.13,0.6
2023-07-01,fb,Restaurants,110.006,108.996,104.722,103.749,-3.61,1.61,0.837
2023-08-01,fb,Restaurants,109.211,108.505,104.122,103.435,0.32,4.94,2.508
2023-09-01,fb,Restaurants,107.425,107.698,102.6,103.112,-0.48,3.99,2.051
2023-10-01,fb,Restaurants,101.184,102.459,96.864,98.45,-8.56,-4.6,-2.334
2023-11-01,fb,Restaurants,100.179,104.04,96.151,100.233,-4.79,-1.06,-0.525
2023-12-01,fb,Restaurants,113.401,102.321,109.444,99.2,-9.02,-5.03,-2.701
2024-01-01,fb,Restaurants,100.048,100.508,98.442,98.865,-18.57,-15.42,-8.425
2024-02-01,fb,Restaurants,120.423,113.136,118.829,111.106,16.29,20.99,10.974
2024-03-01,fb,Restaurants,108.069,111.756,106.487,109.726,2.88,6.9,3.444
2024-04-01,fb,Restaurants,95.863,103.276,94.644,101.667,-11.26,-7.78,-4.036
2024-05-01,fb,Restaurants,108.174,104.534,107.014,103.186,-4.22,-0.38,-0.198
2024-06-01,fb,Restaurants,101.895,104.05,100.923,102.944,-3.44,0.46,0.233
2024-07-01,fb,Restaurants,101.37,102.718,100.584,101.897,-7.85,-3.95,-1.965
2024-08-01,fb,Restaurants,106.959,103.6,106.2,102.913,-2.06,2.0,0.98
2024-09-01,fb,Restaurants,102.222,103.789,101.252,103.025,-4.84,-1.31,-0.657
2024-10-01,fb,Restaurants,102.178,103.768,101.336,103.416,0.98,4.62,2.185
2024-11-01,fb,Restaurants,99.582,101.779,98.836,101.378,-0.6,2.79,1.348
2024-12-01,fb,Restaurants,110.134,102.746,109.487,102.53,-2.88,0.04,0.02
2025-01-01,fb,Restaurants,109.43,102.7,109.041,102.208,9.38,10.77,5.255
2025-02-01,fb,Restaurants,99.978,101.542,99.669,100.779,-16.98,-16.12,-8.877
2025-03-01,fb,Restaurants,96.719,100.848,96.544,100.332,-10.5,-9.34,-4.75
2025-04-01,fb,Restaurants,92.066,98.82,91.873,98.328,-3.96,-2.93,-1.397
2025-05-01,fb,Restaurants,102.963,98.83,102.833,98.522,-4.82,-3.91,-1.949
2025-06-01,fb,Restaurants,94.422,97.871,94.309,97.622,-7.33,-6.55,-3.247
2025-07-01,fb,Restaurants,97.849,99.12,97.824,99.08,-3.47,-2.74,-1.309
2025-08-01,fb,Restaurants,105.364,100.814,105.394,100.877,-1.49,-0.76,-0.364
2025-09-01,fb,Restaurants,94.746,97.885,94.8,98.199,-7.31,-6.37,-3.1
2025-10-01,fb,Restaurants,103.684,103.617,104.072,104.506,1.47,2.7,1.287
2025-11-01,fb,Restaurants,99.586,101.443,100.008,102.22,0.0,1.19,0.566
2025-12-01,fb,Restaurants,103.194,97.138,103.632,97.904,-6.3,-5.35,-2.688
2026-01-01,fb,Restaurants,99.103,99.407,99.816,100.161,-9.44,-8.46,-4.21
2026-02-01,fb,Restaurants,107.583,105.007,108.685,105.48,7.61,9.05,4.457
2026-03-01,fb,Restaurants,96.918,98.853,97.797,99.37,0.21,1.3,0.619
2026-04-01,fb,Restaurants,92.062,98.524,92.936,99.21,-0.0,1.16,0.529
2026-05-01,fb,Restaurants,103.693,98.663,104.785,99.453,0.71,1.9,0.898
2026-06-01,fb,Restaurants,91.181,96.185,92.201,97.164,-3.43,-2.24,-1.039
2026-07-01,fb,Restaurants,96.318,96.368,97.565,97.567,-1.56,-0.26,-0.12
2016-01-01,fb,Total,118.615,115.51,90.021,88.287,-2.8,-0.65,
2016-02-01,fb,Total,118.768,115.653,89.599,88.55,-4.12,-1.26,
2016-03-01,fb,Total,114.865,115.999,88.113,89.0,-4.88,-1.62,
2016-04-01,fb,Total,112.4,116.619,86.223,89.471,-1.34,1.37,
2016-05-01,fb,Total,117.663,118.445,90.201,90.487,-2.38,0.07,
2016-06-01,fb,Total,110.522,116.076,84.94,88.873,-2.09,-0.01,
2016-07-01,fb,Total,119.062,116.108,91.7,89.755,1.0,3.33,
2016-08-01,fb,Total,114.284,113.073,88.687,87.222,-5.46,-2.88,
2016-09-01,fb,Total,116.611,118.34,90.078,91.411,1.07,3.2,
2016-10-01,fb,Total,117.103,114.968,90.425,88.644,-1.65,0.61,
2016-11-01,fb,Total,110.022,112.532,85.517,87.052,-4.15,-1.28,
2016-12-01,fb,Total,118.198,110.737,91.558,86.493,-2.76,-0.22,
2017-01-01,fb,Total,125.574,121.603,97.206,93.553,5.87,7.98,
2017-02-01,fb,Total,113.528,116.509,87.578,90.155,-4.41,-2.26,
2017-03-01,fb,Total,111.858,112.428,87.442,88.158,-2.62,-0.76,
2017-04-01,fb,Total,108.256,112.567,84.752,88.065,-3.69,-1.71,
2017-05-01,fb,Total,109.969,111.198,86.187,87.257,-6.54,-4.45,
2017-06-01,fb,Total,105.634,110.103,83.189,86.789,-4.42,-2.06,
2017-07-01,fb,Total,113.058,111.405,89.206,87.697,-5.04,-2.72,
2017-08-01,fb,Total,113.376,111.962,89.24,87.579,-0.79,0.62,
2017-09-01,fb,Total,112.082,112.501,87.969,88.795,-3.88,-2.34,
2017-10-01,fb,Total,113.004,112.567,88.916,88.103,-3.5,-1.67,
2017-11-01,fb,Total,110.103,111.889,86.91,87.937,0.07,1.63,
2017-12-01,fb,Total,117.791,109.69,93.237,86.948,-0.34,1.83,
2018-01-01,fb,Total,108.068,107.257,85.643,86.828,-13.94,-11.9,
2018-02-01,fb,Total,116.64,116.87,92.049,91.679,2.74,5.11,
2018-03-01,fb,Total,113.791,114.025,90.794,90.054,1.73,3.83,
2018-04-01,fb,Total,105.718,111.451,84.296,88.336,-2.34,-0.54,
2018-05-01,fb,Total,109.826,111.465,87.624,88.992,-0.13,1.67,
2018-06-01,fb,Total,108.07,110.881,86.347,89.238,2.31,3.8,
2018-07-01,fb,Total,111.266,110.851,89.357,88.642,-1.59,0.17,
2018-08-01,fb,Total,115.783,113.419,93.014,90.611,2.12,4.23,
2018-09-01,fb,Total,111.148,111.498,89.069,89.578,-0.83,1.25,
2018-10-01,fb,Total,112.021,111.937,89.869,89.514,-0.87,1.07,
2018-11-01,fb,Total,111.618,113.059,89.612,90.225,1.38,3.11,
2018-12-01,fb,Total,121.596,113.659,97.386,91.064,3.23,4.45,
2019-01-01,fb,Total,113.346,112.451,91.646,90.983,4.88,7.01,
2019-02-01,fb,Total,113.19,113.78,91.15,92.081,-2.96,-0.98,
2019-03-01,fb,Total,112.876,113.198,92.229,92.463,-0.8,1.58,
2019-04-01,fb,Total,107.15,114.163,87.538,92.555,1.35,3.85,
2019-05-01,fb,Total,109.844,111.972,89.462,91.161,0.02,2.1,
2019-06-01,fb,Total,111.49,112.175,91.146,92.773,3.16,5.56,
2019-07-01,fb,Total,112.615,111.71,92.527,92.084,1.21,3.55,
2019-08-01,fb,Total,117.426,114.304,96.658,93.51,1.42,3.92,
2019-09-01,fb,Total,113.352,115.173,93.066,94.121,1.98,4.49,
2019-10-01,fb,Total,114.283,114.496,93.899,93.642,2.02,4.48,
2019-11-01,fb,Total,114.648,114.721,94.416,94.348,2.71,5.36,
2019-12-01,fb,Total,121.048,114.378,99.41,93.702,-0.45,2.08,
2020-01-01,fb,Total,120.961,114.362,99.963,95.028,6.72,9.08,
2020-02-01,fb,Total,90.452,91.275,75.733,78.734,-20.09,-16.91,
2020-03-01,fb,Total,83.905,86.251,70.658,71.544,-25.67,-23.39,
2020-04-01,fb,Total,47.744,50.582,41.814,43.831,-55.44,-52.23,
2020-05-01,fb,Total,50.523,50.04,44.061,44.37,-54.0,-50.75,
2020-06-01,fb,Total,59.696,61.672,51.537,53.209,-46.46,-43.46,
2020-07-01,fb,Total,83.224,81.646,70.046,69.118,-26.1,-24.3,
2020-08-01,fb,Total,84.102,81.707,70.421,68.005,-28.38,-27.14,
2020-09-01,fb,Total,80.436,82.066,67.021,67.954,-29.04,-27.99,
2020-10-01,fb,Total,86.331,85.411,72.129,70.993,-24.46,-23.18,
2020-11-01,fb,Total,87.566,88.596,73.387,73.9,-23.62,-22.27,
2020-12-01,fb,Total,99.896,94.494,83.269,79.108,-17.47,-16.24,
2021-01-01,fb,Total,88.239,85.738,75.331,74.67,-27.05,-24.64,
2021-02-01,fb,Total,87.122,88.722,73.467,75.398,-3.68,-2.99,
2021-03-01,fb,Total,88.934,92.176,76.567,77.954,5.99,8.36,
2021-04-01,fb,Total,84.842,90.084,72.731,76.254,77.7,73.94,
2021-05-01,fb,Total,72.906,71.804,64.572,64.247,44.3,46.55,
2021-06-01,fb,Total,59.417,60.935,55.354,56.969,-0.47,7.41,
2021-07-01,fb,Total,72.839,70.775,65.823,64.184,-12.48,-6.03,
2021-08-01,fb,Total,72.936,71.765,65.812,63.934,-13.28,-6.54,
2021-09-01,fb,Total,79.844,81.23,70.166,70.906,-0.74,4.69,
2021-10-01,fb,Total,76.556,75.378,68.912,67.559,-11.32,-4.46,
2021-11-01,fb,Total,84.862,86.791,73.973,75.215,-3.09,0.8,
2021-12-01,fb,Total,105.002,98.626,89.279,84.37,5.11,7.22,
2022-01-01,fb,Total,95.79,93.417,82.527,80.226,8.56,9.55,
2022-02-01,fb,Total,84.35,86.398,73.129,76.59,-3.18,-0.46,
2022-03-01,fb,Total,91.194,94.903,80.249,82.404,2.54,4.81,
2022-04-01,fb,Total,93.975,99.897,81.331,85.646,10.76,11.82,
2022-05-01,fb,Total,103.727,101.573,90.568,89.331,42.27,40.26,
2022-06-01,fb,Total,100.313,102.762,88.243,90.666,68.83,59.42,
2022-07-01,fb,Total,105.464,101.834,93.671,90.968,44.79,42.31,
2022-08-01,fb,Total,103.122,101.239,92.478,90.217,41.39,40.52,
2022-09-01,fb,Total,101.356,102.901,90.907,91.616,26.94,29.56,
2022-10-01,fb,Total,105.112,103.69,94.552,93.098,37.3,37.21,
2022-11-01,fb,Total,102.966,105.251,92.777,94.575,21.33,25.42,
2022-12-01,fb,Total,113.692,106.448,101.594,95.904,8.28,13.79,
2023-01-01,fb,Total,109.916,104.407,100.732,95.817,14.75,22.06,
2023-02-01,fb,Total,96.4,103.087,88.851,95.598,14.29,21.5,
2023-03-01,fb,Total,101.112,104.654,94.368,96.539,10.88,17.59,
2023-04-01,fb,Total,100.343,104.95,93.641,97.772,6.78,15.14,
2023-05-01,fb,Total,105.287,104.185,98.449,97.783,1.5,8.7,
2023-06-01,fb,Total,100.327,103.007,94.641,97.043,0.01,7.25,
2023-07-01,fb,Total,105.11,102.058,99.625,96.862,-0.34,6.36,
2023-08-01,fb,Total,105.586,103.278,100.31,97.527,2.39,8.47,
2023-09-01,fb,Total,102.271,102.602,97.115,97.399,0.9,6.83,
2023-10-01,fb,Total,100.948,100.635,96.788,96.01,-3.96,2.36,
2023-11-01,fb,Total,98.575,100.653,94.213,96.034,-4.26,1.55,
2023-12-01,fb,Total,107.203,100.101,102.058,96.362,-5.71,0.46,
2024-01-01,fb,Total,97.834,97.113,95.399,96.047,-10.99,-5.29,
2024-02-01,fb,Total,106.78,106.311,102.088,102.492,10.77,14.9,
2024-03-01,fb,Total,101.815,104.675,99.016,100.539,0.7,4.93,
2024-04-01,fb,Total,94.996,100.607,93.802,98.729,-5.33,0.17,
2024-05-01,fb,Total,103.718,101.654,101.445,99.932,-1.49,3.04,
2024-06-01,fb,Total,98.378,100.229,96.335,98.161,-1.94,1.79,
2024-07-01,fb,Total,101.194,99.959,99.698,98.098,-3.73,0.07,
2024-08-01,fb,Total,106.213,101.965,104.637,100.258,0.59,4.31,
2024-09-01,fb,Total,100.185,101.351,98.453,99.406,-2.04,1.38,
2024-10-01,fb,Total,101.579,101.083,100.576,100.08,0.63,3.91,
2024-11-01,fb,Total,99.011,99.995,97.938,99.005,0.44,3.95,
2024-12-01,fb,Total,104.953,100.152,103.038,98.776,-2.1,0.96,
2025-01-01,fb,Total,103.968,100.951,103.641,100.104,6.27,8.64,
2025-02-01,fb,Total,96.067,100.302,95.672,99.5,-10.03,-6.28,
2025-03-01,fb,Total,95.829,99.754,95.677,98.423,-5.88,-3.37,
2025-04-01,fb,Total,95.203,99.616,95.035,99.572,0.22,1.31,
2025-05-01,fb,Total,102.749,99.939,102.765,100.034,-0.93,1.3,
2025-06-01,fb,Total,95.969,99.055,95.97,98.732,-2.45,-0.38,
2025-07-01,fb,Total,101.864,100.745,101.734,100.538,0.66,2.04,
2025-08-01,fb,Total,105.623,100.6,105.726,100.85,-0.56,1.04,
2025-09-01,fb,Total,97.002,98.891,97.038,99.139,-3.18,-1.44,
2025-10-01,fb,Total,103.228,101.752,103.519,102.73,1.62,2.93,
2025-11-01,fb,Total,100.138,101.001,100.471,101.72,1.14,2.59,
2025-12-01,fb,Total,102.361,98.034,102.753,98.86,-2.47,-0.28,
2026-01-01,fb,Total,99.599,97.818,100.215,100.718,-4.2,-3.31,
2026-02-01,fb,Total,99.994,102.507,100.763,101.623,4.09,5.32,
2026-03-01,fb,Total,96.905,100.627,97.707,99.141,1.12,2.12,
2026-04-01,fb,Total,94.331,100.065,95.208,100.158,-0.92,0.18,
2026-05-01,fb,Total,101.536,98.246,102.768,99.422,-1.18,0.0,
2026-06-01,fb,Total,92.659,96.605,93.777,97.506,-3.45,-2.29,
2026-07-01,fb,Total,98.542,96.762,99.844,98.118,-3.26,-1.86,
2019-01-01,retail,Computer & Telecommunications Equipment,,,,,,,
2019-02-01,retail,Computer & Telecommunications Equipment,,,,,,,
2019-03-01,retail,Computer & Telecommunications Equipment,,,,,,,
2019-04-01,retail,Computer & Telecommunications Equipment,,,,,,,
2019-05-01,retail,Computer & Telecommunications Equipment,,,,,,,
2019-06-01,retail,Computer & Telecommunications Equipment,,,,,,,
2019-07-01,retail,Computer & Telecommunications Equipment,,,,,,,
2019-08-01,retail,Computer & Telecommunications Equipment,,,,,,,
2019-09-01,retail,Computer & Telecommunications Equipment,,,,,,,
2019-10-01,retail,Computer & Telecommunications Equipment,,,,,,,
2019-11-01,retail,Computer & Telecommunications Equipment,,,,,,,
2019-12-01,retail,Computer & Telecommunications Equipment,,,,,,,
2020-01-01,retail,Computer & Telecommunications Equipment,,,,,,,
2020-02-01,retail,Computer & Telecommunications Equipment,,,,,,,
2020-03-01,retail,Computer & Telecommunications Equipment,,,,,,,
2020-04-01,retail,Computer & Telecommunications Equipment,,,,,,,
2020-05-01,retail,Computer & Telecommunications Equipment,,,,,,,
2020-06-01,retail,Computer & Telecommunications Equipment,,,,,,,
2020-07-01,retail,Computer & Telecommunications Equipment,,,,,,,
2020-08-01,retail,Computer & Telecommunications Equipment,,,,,,,
2020-09-01,retail,Computer & Telecommunications Equipment,,,,,,,
2020-10-01,retail,Computer & Telecommunications Equipment,,,,,,,
2020-11-01,retail,Computer & Telecommunications Equipment,,,,,,,
2020-12-01,retail,Computer & Telecommunications Equipment,,,,,,,
2021-01-01,retail,Computer & Telecommunications Equipment,,,,,,,
2021-02-01,retail,Computer & Telecommunications Equipment,,,,,,,
2021-03-01,retail,Computer & Telecommunications Equipment,,,,,,,
2021-04-01,retail,Computer & Telecommunications Equipment,,,,,,,
2021-05-01,retail,Computer & Telecommunications Equipment,,,,,,,
2021-06-01,retail,Computer & Telecommunications Equipment,,,,,,,
2021-07-01,retail,Computer & Telecommunications Equipment,,,,,,,
2021-08-01,retail,Computer & Telecommunications Equipment,,,,,,,
2021-09-01,retail,Computer & Telecommunications Equipment,,,,,,,
2021-10-01,retail,Computer & Telecommunications Equipment,,,,,,,
2021-11-01,retail,Computer & Telecommunications Equipment,,,,,,,
2021-12-01,retail,Computer & Telecommunications Equipment,,,,,,,
2022-01-01,retail,Computer & Telecommunications Equipment,,,,,,,
2022-02-01,retail,Computer & Telecommunications Equipment,,,,,,,
2022-03-01,retail,Computer & Telecommunications Equipment,,,,,,,
2022-04-01,retail,Computer & Telecommunications Equipment,,,,,,,
2022-05-01,retail,Computer & Telecommunications Equipment,,,,,,,
2022-06-01,retail,Computer & Telecommunications Equipment,,,,,,,
2022-07-01,retail,Computer & Telecommunications Equipment,,,,,,,
2022-08-01,retail,Computer & Telecommunications Equipment,,,,,,,
2022-09-01,retail,Computer & Telecommunications Equipment,,,,,,,
2022-10-01,retail,Computer & Telecommunications Equipment,,,,,,,
2022-11-01,retail,Computer & Telecommunications Equipment,,,,,,,
2022-12-01,retail,Computer & Telecommunications Equipment,,,,,,,
2023-01-01,retail,Computer & Telecommunications Equipment,,,,,,,
2023-02-01,retail,Computer & Telecommunications Equipment,,,,,,,
2023-03-01,retail,Computer & Telecommunications Equipment,,,,,,,
2023-04-01,retail,Computer & Telecommunications Equipment,,,,,,,
2023-05-01,retail,Computer & Telecommunications Equipment,,,,,,,
2023-06-01,retail,Computer & Telecommunications Equipment,,,,,,,
2023-07-01,retail,Computer & Telecommunications Equipment,,,,,,,
2023-08-01,retail,Computer & Telecommunications Equipment,,,,,,,
2023-09-01,retail,Computer & Telecommunications Equipment,,,,,,,
2023-10-01,retail,Computer & Telecommunications Equipment,,,,,,,
2023-11-01,retail,Computer & Telecommunications Equipment,,,,,,,
2023-12-01,retail,Computer & Telecommunications Equipment,,,,,,,
2024-01-01,retail,Computer & Telecommunications Equipment,,,,,,,
2024-02-01,retail,Computer & Telecommunications Equipment,,,,,,,
2024-03-01,retail,Computer & Telecommunications Equipment,,,,,,,
2024-04-01,retail,Computer & Telecommunications Equipment,,,,,,,
2024-05-01,retail,Computer & Telecommunications Equipment,,,,,,,
2024-06-01,retail,Computer & Telecommunications Equipment,,,,,,,
2024-07-01,retail,Computer & Telecommunications Equipment,,,,,,,
2024-08-01,retail,Computer & Telecommunications Equipment,,,,,,,
2024-09-01,retail,Computer & Telecommunications Equipment,,,,,,,
2024-10-01,retail,Computer & Telecommunications Equipment,,,,,,,
2024-11-01,retail,Computer & Telecommunications Equipment,,,,,,,
2024-12-01,retail,Computer & Telecommunications Equipment,,,,,,,
2025-01-01,retail,Computer & Telecommunications Equipment,,,,,,,
2025-02-01,retail,Computer & Telecommunications Equipment,,,,,,,
2025-03-01,retail,Computer & Telecommunications Equipment,,,,,,,
2025-04-01,retail,Computer & Telecommunications Equipment,,,,,,,
2025-05-01,retail,Computer & Telecommunications Equipment,,,,,,,
2025-06-01,retail,Computer & Telecommunications Equipment,,,,,,,
2025-07-01,retail,Computer & Telecommunications Equipment,,,,,,,
2025-08-01,retail,Computer & Telecommunications Equipment,,,,,,,
2025-09-01,retail,Computer & Telecommunications Equipment,,,,,,,
2025-10-01,retail,Computer & Telecommunications Equipment,,,,,,,
2025-11-01,retail,Computer & Telecommunications Equipment,,,,,,,
2025-12-01,retail,Computer & Telecommunications Equipment,,,,,,,
2026-01-01,retail,Computer & Telecommunications Equipment,,,,,,,
2026-02-01,retail,Computer & Telecommunications Equipment,,,,,,,
2026-03-01,retail,Computer & Telecommunications Equipment,,,,,,,
2026-04-01,retail,Computer & Telecommunications Equipment,,,,,,,
2026-05-01,retail,Computer & Telecommunications Equipment,,,,,,,
2026-06-01,retail,Computer & Telecommunications Equipment,,,,,,,
2026-07-01,retail,Computer & Telecommunications Equipment,,,,,,,
2016-01-01,retail,"Cosmetics, Toiletries & Medical Goods",92.251,86.298,94.529,88.555,17.69,17.77,1.003
2016-02-01,retail,"Cosmetics, Toiletries & Medical Goods",82.917,87.108,85.386,89.84,3.39,3.34,0.21
2016-03-01,retail,"Cosmetics, Toiletries & Medical Goods",87.378,85.491,89.977,87.794,5.5,5.62,0.362
2016-04-01,retail,"Cosmetics, Toiletries & Medical Goods",78.906,85.143,81.689,87.804,2.02,2.69,0.169
2016-05-01,retail,"Cosmetics, Toiletries & Medical Goods",84.372,85.502,87.086,88.247,2.14,2.2,0.138
2016-06-01,retail,"Cosmetics, Toiletries & Medical Goods",85.593,86.611,87.84,89.099,2.95,3.14,0.197
2016-07-01,retail,"Cosmetics, Toiletries & Medical Goods",85.487,88.958,87.811,90.688,5.23,4.76,0.297
2016-08-01,retail,"Cosmetics, Toiletries & Medical Goods",87.031,87.595,89.68,89.79,-0.18,-0.42,-0.028
2016-09-01,retail,"Cosmetics, Toiletries & Medical Goods",87.389,89.043,88.752,90.457,3.72,2.09,0.14
2016-10-01,retail,"Cosmetics, Toiletries & Medical Goods",87.845,90.886,88.526,91.746,2.12,0.32,0.021
2016-11-01,retail,"Cosmetics, Toiletries & Medical Goods",86.852,89.173,88.534,91.604,4.36,4.42,0.276
2016-12-01,retail,"Cosmetics, Toiletries & Medical Goods",109.955,92.531,111.238,94.196,10.87,9.95,0.637
2017-01-01,retail,"Cosmetics, Toiletries & Medical Goods",103.937,96.297,104.587,96.938,12.67,10.64,0.656
2017-02-01,retail,"Cosmetics, Toiletries & Medical Goods",86.692,91.537,86.774,91.691,4.55,1.63,0.109
2017-03-01,retail,"Cosmetics, Toiletries & Medical Goods",91.154,90.115,93.058,91.569,4.32,3.42,0.221
2017-04-01,retail,"Cosmetics, Toiletries & Medical Goods",83.128,89.936,85.249,91.924,5.35,4.36,0.273
2017-05-01,retail,"Cosmetics, Toiletries & Medical Goods",91.968,93.62,92.225,93.848,9.0,5.9,0.367
2017-06-01,retail,"Cosmetics, Toiletries & Medical Goods",90.976,92.685,91.287,93.081,6.29,3.92,0.25
2017-07-01,retail,"Cosmetics, Toiletries & Medical Goods",91.613,94.521,93.448,95.74,7.17,6.42,0.407
2017-08-01,retail,"Cosmetics, Toiletries & Medical Goods",95.211,95.321,96.37,96.024,9.4,7.46,0.493
2017-09-01,retail,"Cosmetics, Toiletries & Medical Goods",91.531,94.059,92.113,94.721,4.74,3.79,0.254
2017-10-01,retail,"Cosmetics, Toiletries & Medical Goods",91.205,95.007,91.803,95.838,3.82,3.7,0.237
2017-11-01,retail,"Cosmetics, Toiletries & Medical Goods",93.805,95.114,93.122,95.41,8.01,5.18,0.335
2017-12-01,retail,"Cosmetics, Toiletries & Medical Goods",115.691,96.841,115.527,97.291,5.22,3.86,0.27
2018-01-01,retail,"Cosmetics, Toiletries & Medical Goods",98.211,96.526,99.625,97.767,-5.51,-4.74,-0.314
2018-02-01,retail,"Cosmetics, Toiletries & Medical Goods",99.848,99.01,100.563,99.854,15.18,15.89,1.101
2018-03-01,retail,"Cosmetics, Toiletries & Medical Goods",98.733,98.371,99.606,98.554,8.31,7.04,0.46
2018-04-01,retail,"Cosmetics, Toiletries & Medical Goods",92.883,100.645,92.932,100.374,11.73,9.01,0.586
2018-05-01,retail,"Cosmetics, Toiletries & Medical Goods",97.807,100.073,98.094,100.387,6.35,6.36,0.418
2018-06-01,retail,"Cosmetics, Toiletries & Medical Goods",96.048,98.421,96.53,98.861,5.58,5.74,0.374
2018-07-01,retail,"Cosmetics, Toiletries & Medical Goods",95.763,98.191,97.094,98.959,4.53,3.9,0.261
2018-08-01,retail,"Cosmetics, Toiletries & Medical Goods",97.401,97.197,98.924,98.412,2.3,2.65,0.183
2018-09-01,retail,"Cosmetics, Toiletries & Medical Goods",94.663,97.652,95.176,98.268,3.42,3.33,0.233
2018-10-01,retail,"Cosmetics, Toiletries & Medical Goods",94.643,99.556,94.918,99.956,3.77,3.39,0.225
2018-11-01,retail,"Cosmetics, Toiletries & Medical Goods",100.289,100.323,99.558,100.85,6.91,6.91,0.447
2018-12-01,retail,"Cosmetics, Toiletries & Medical Goods",118.357,98.689,118.175,99.095,2.3,2.29,0.157
2019-01-01,retail,"Cosmetics, Toiletries & Medical Goods",109.017,97.246,109.988,97.957,11.0,10.4,0.709
2019-02-01,retail,"Cosmetics, Toiletries & Medical Goods",89.445,97.433,90.092,98.123,-10.42,-10.41,-0.77
2019-03-01,retail,"Cosmetics, Toiletries & Medical Goods",101.915,102.024,102.437,101.703,3.22,2.84,0.201
2019-04-01,retail,"Cosmetics, Toiletries & Medical Goods",91.196,98.941,91.387,98.819,-1.82,-1.66,-0.116
2019-05-01,retail,"Cosmetics, Toiletries & Medical Goods",96.156,98.974,96.784,99.699,-1.69,-1.34,-0.093
2019-06-01,retail,"Cosmetics, Toiletries & Medical Goods",98.409,101.275,98.509,101.222,2.46,2.05,0.139
2019-07-01,retail,"Cosmetics, Toiletries & Medical Goods",98.306,100.479,98.712,100.407,2.66,1.67,0.119
2019-08-01,retail,"Cosmetics, Toiletries & Medical Goods",102.95,102.811,102.748,102.487,5.7,3.87,0.275
2019-09-01,retail,"Cosmetics, Toiletries & Medical Goods",99.027,102.022,98.643,101.75,4.61,3.64,0.259
2019-10-01,retail,"Cosmetics, Toiletries & Medical Goods",94.476,100.175,94.45,100.133,-0.18,-0.49,-0.034
2019-11-01,retail,"Cosmetics, Toiletries & Medical Goods",99.609,98.376,99.485,99.513,-0.68,-0.07,-0.005
2019-12-01,retail,"Cosmetics, Toiletries & Medical Goods",125.071,103.847,123.713,103.281,5.67,4.69,0.348
2020-01-01,retail,"Cosmetics, Toiletries & Medical Goods",111.932,106.013,111.164,105.279,2.67,1.07,0.075
2020-02-01,retail,"Cosmetics, Toiletries & Medical Goods",80.236,82.471,80.275,82.315,-10.3,-10.9,-0.799
2020-03-01,retail,"Cosmetics, Toiletries & Medical Goods",79.831,80.113,80.388,79.938,-21.67,-21.52,-1.572
2020-04-01,retail,"Cosmetics, Toiletries & Medical Goods",49.836,54.12,49.862,53.945,-45.35,-45.44,-3.18
2020-05-01,retail,"Cosmetics, Toiletries & Medical Goods",50.107,51.838,49.707,51.474,-47.89,-48.64,-3.405
2020-06-01,retail,"Cosmetics, Toiletries & Medical Goods",67.445,69.693,66.287,68.354,-31.46,-32.71,-2.477
2020-07-01,retail,"Cosmetics, Toiletries & Medical Goods",70.331,71.821,69.651,70.872,-28.46,-29.44,-2.164
2020-08-01,retail,"Cosmetics, Toiletries & Medical Goods",73.006,72.909,71.692,71.667,-29.09,-30.23,-2.331
2020-09-01,retail,"Cosmetics, Toiletries & Medical Goods",69.853,71.729,68.837,70.768,-29.46,-30.22,-2.278
2020-10-01,retail,"Cosmetics, Toiletries & Medical Goods",67.026,71.409,66.139,70.36,-29.05,-29.97,-2.132
2020-11-01,retail,"Cosmetics, Toiletries & Medical Goods",74.683,73.129,72.992,72.359,-25.02,-26.63,-1.963
2020-12-01,retail,"Cosmetics, Toiletries & Medical Goods",84.909,70.289,82.978,69.057,-32.11,-32.93,-2.654
2021-01-01,retail,"Cosmetics, Toiletries & Medical Goods",77.521,72.85,75.537,70.953,-30.74,-32.05,-2.43
2021-02-01,retail,"Cosmetics, Toiletries & Medical Goods",66.379,68.82,65.055,67.296,-17.27,-18.96,-1.352
2021-03-01,retail,"Cosmetics, Toiletries & Medical Goods",71.237,71.652,70.122,69.871,-10.77,-12.77,-0.847
2021-04-01,retail,"Cosmetics, Toiletries & Medical Goods",66.892,72.773,65.757,71.224,34.22,31.88,2.028
2021-05-01,retail,"Cosmetics, Toiletries & Medical Goods",70.119,72.874,67.889,70.618,39.94,36.58,2.719
2021-06-01,retail,"Cosmetics, Toiletries & Medical Goods",69.017,71.465,66.579,68.778,2.33,0.44,0.031
2021-07-01,retail,"Cosmetics, Toiletries & Medical Goods",72.51,73.93,70.374,71.58,3.1,1.04,0.059
2021-08-01,retail,"Cosmetics, Toiletries & Medical Goods",71.57,71.589,68.998,69.191,-1.97,-3.76,-0.214
2021-09-01,retail,"Cosmetics, Toiletries & Medical Goods",76.879,78.708,74.421,76.288,10.06,8.11,0.477
2021-10-01,retail,"Cosmetics, Toiletries & Medical Goods",74.659,79.661,72.579,77.299,11.39,9.74,0.53
2021-11-01,retail,"Cosmetics, Toiletries & Medical Goods",82.983,80.865,80.217,79.019,11.11,9.9,0.543
2021-12-01,retail,"Cosmetics, Toiletries & Medical Goods",99.745,82.434,96.228,79.936,17.47,15.97,0.892
2022-01-01,retail,"Cosmetics, Toiletries & Medical Goods",91.868,78.172,89.439,76.151,18.51,18.4,1.014
2022-02-01,retail,"Cosmetics, Toiletries & Medical Goods",78.386,89.715,76.623,87.467,18.09,17.78,0.974
2022-03-01,retail,"Cosmetics, Toiletries & Medical Goods",90.857,91.584,89.005,88.855,27.54,26.93,1.466
2022-04-01,retail,"Cosmetics, Toiletries & Medical Goods",78.544,85.61,77.396,83.917,17.42,17.7,0.961
2022-05-01,retail,"Cosmetics, Toiletries & Medical Goods",83.631,87.12,81.219,84.708,19.27,19.63,1.102
2022-06-01,retail,"Cosmetics, Toiletries & Medical Goods",85.259,88.409,84.649,87.545,23.53,27.14,1.515
2022-07-01,retail,"Cosmetics, Toiletries & Medical Goods",89.982,91.625,89.583,91.051,24.1,27.3,1.561
2022-08-01,retail,"Cosmetics, Toiletries & Medical Goods",87.515,87.521,86.201,86.519,22.28,24.93,1.403
2022-09-01,retail,"Cosmetics, Toiletries & Medical Goods",84.315,86.176,84.653,86.638,9.67,13.75,0.818
2022-10-01,retail,"Cosmetics, Toiletries & Medical Goods",90.747,96.902,90.32,96.244,21.55,24.44,1.356
2022-11-01,retail,"Cosmetics, Toiletries & Medical Goods",95.569,92.956,95.733,94.043,15.17,19.34,1.139
2022-12-01,retail,"Cosmetics, Toiletries & Medical Goods",111.633,92.195,111.963,92.935,11.92,16.35,0.992
2023-01-01,retail,"Cosmetics, Toiletries & Medical Goods",93.005,92.231,92.938,91.907,1.24,3.91,0.227
2023-02-01,retail,"Cosmetics, Toiletries & Medical Goods",77.495,82.633,78.116,82.877,-1.14,1.95,0.13
2023-03-01,retail,"Cosmetics, Toiletries & Medical Goods",94.747,92.192,94.804,91.997,4.28,6.52,0.413
2023-04-01,retail,"Cosmetics, Toiletries & Medical Goods",89.708,98.613,90.491,98.89,14.21,16.92,0.963
2023-05-01,retail,"Cosmetics, Toiletries & Medical Goods",92.083,93.669,92.324,94.155,10.11,13.67,0.777
2023-06-01,retail,"Cosmetics, Toiletries & Medical Goods",91.496,93.992,91.71,94.776,7.32,8.34,0.514
2023-07-01,retail,"Cosmetics, Toiletries & Medical Goods",91.056,92.892,92.441,93.998,1.19,3.19,0.203
2023-08-01,retail,"Cosmetics, Toiletries & Medical Goods",90.244,92.28,91.845,93.784,3.12,6.55,0.406
2023-09-01,retail,"Cosmetics, Toiletries & Medical Goods",92.585,93.169,93.333,94.347,9.81,10.25,0.623
2023-10-01,retail,"Cosmetics, Toiletries & Medical Goods",88.335,90.885,90.298,92.723,-2.66,-0.02,-0.002
2023-11-01,retail,"Cosmetics, Toiletries & Medical Goods",97.537,92.97,97.924,93.755,2.06,2.29,0.15
2023-12-01,retail,"Cosmetics, Toiletries & Medical Goods",111.252,93.373,111.909,94.202,-0.34,-0.05,-0.003
2024-01-01,retail,"Cosmetics, Toiletries & Medical Goods",91.932,91.133,93.351,92.285,-1.15,0.44,0.027
2024-02-01,retail,"Cosmetics, Toiletries & Medical Goods",84.378,91.161,86.168,92.645,8.88,10.31,0.624
2024-03-01,retail,"Cosmetics, Toiletries & Medical Goods",95.55,92.823,97.021,94.067,0.85,2.34,0.151
2024-04-01,retail,"Cosmetics, Toiletries & Medical Goods",84.167,92.569,86.238,94.283,-6.18,-4.7,-0.302
2024-05-01,retail,"Cosmetics, Toiletries & Medical Goods",93.063,93.89,95.188,96.293,1.06,3.1,0.197
2024-06-01,retail,"Cosmetics, Toiletries & Medical Goods",92.777,95.254,92.775,95.986,1.4,1.16,0.077
2024-07-01,retail,"Cosmetics, Toiletries & Medical Goods",90.515,92.874,91.378,93.451,-0.59,-1.15,-0.074
2024-08-01,retail,"Cosmetics, Toiletries & Medical Goods",92.525,94.428,94.308,95.939,2.53,2.68,0.17
2024-09-01,retail,"Cosmetics, Toiletries & Medical Goods",95.512,96.243,95.992,97.121,3.16,2.85,0.189
2024-10-01,retail,"Cosmetics, Toiletries & Medical Goods",93.459,95.634,93.703,95.658,5.8,3.77,0.236
2024-11-01,retail,"Cosmetics, Toiletries & Medical Goods",100.18,94.946,100.112,95.353,2.71,2.23,0.147
2024-12-01,retail,"Cosmetics, Toiletries & Medical Goods",113.04,95.452,113.484,96.103,1.61,1.41,0.092
2025-01-01,retail,"Cosmetics, Toiletries & Medical Goods",100.757,96.898,101.433,97.462,9.6,8.66,0.524
2025-02-01,retail,"Cosmetics, Toiletries & Medical Goods",89.273,100.03,90.215,100.451,5.8,4.7,0.289
2025-03-01,retail,"Cosmetics, Toiletries & Medical Goods",101.97,99.06,102.704,99.574,6.72,5.86,0.377
2025-04-01,retail,"Cosmetics, Toiletries & Medical Goods",90.24,99.379,90.637,99.227,7.22,5.1,0.316
2025-05-01,retail,"Cosmetics, Toiletries & Medical Goods",101.53,101.883,100.594,101.159,9.1,5.68,0.363
2025-06-01,retail,"Cosmetics, Toiletries & Medical Goods",97.267,99.597,96.031,99.246,4.84,3.51,0.236
2025-07-01,retail,"Cosmetics, Toiletries & Medical Goods",97.032,99.962,97.497,100.14,7.2,6.7,0.424
2025-08-01,retail,"Cosmetics, Toiletries & Medical Goods",101.212,102.883,101.435,102.652,9.39,7.56,0.487
2025-09-01,retail,"Cosmetics, Toiletries & Medical Goods",94.223,95.284,94.337,95.716,-1.35,-1.72,-0.116
2025-10-01,retail,"Cosmetics, Toiletries & Medical Goods",101.892,103.998,102.298,104.188,9.02,9.17,0.577
2025-11-01,retail,"Cosmetics, Toiletries & Medical Goods",109.96,103.741,109.085,103.49,9.76,8.96,0.603
2025-12-01,retail,"Cosmetics, Toiletries & Medical Goods",114.645,97.337,113.732,96.857,1.42,0.22,0.015
2026-01-01,retail,"Cosmetics, Toiletries & Medical Goods",97.891,101.623,99.817,103.455,-2.84,-1.59,-0.1
2026-02-01,retail,"Cosmetics, Toiletries & Medical Goods",101.81,105.953,102.737,106.295,14.04,13.88,0.925
2026-03-01,retail,"Cosmetics, Toiletries & Medical Goods",106.742,103.824,107.406,104.247,4.68,4.58,0.303
2026-04-01,retail,"Cosmetics, Toiletries & Medical Goods",95.491,105.109,97.325,106.486,5.82,7.38,0.476
2026-05-01,retail,"Cosmetics, Toiletries & Medical Goods",102.138,102.069,105.092,105.192,0.6,4.47,0.299
2026-06-01,retail,"Cosmetics, Toiletries & Medical Goods",102.859,105.203,104.38,107.895,5.75,8.69,0.589
2026-07-01,retail,"Cosmetics, Toiletries & Medical Goods",99.35,102.681,101.871,105.008,2.39,4.49,0.288
2016-01-01,retail,Department Stores,155.024,131.114,161.977,136.894,11.26,13.01,0.855
2016-02-01,retail,Department Stores,118.348,122.745,124.435,129.787,-16.71,-15.51,-1.135
2016-03-01,retail,Department Stores,112.731,125.652,119.702,131.626,-6.66,-5.47,-0.341
2016-04-01,retail,Department Stores,104.687,122.309,111.037,128.2,-7.05,-5.52,-0.335
2016-05-01,retail,Department Stores,126.488,127.214,132.059,132.542,-5.91,-6.02,-0.406
2016-06-01,retail,Department Stores,117.98,125.371,121.505,130.307,-8.41,-7.88,-0.498
2016-07-01,retail,Department Stores,120.334,123.453,123.643,127.507,-5.75,-6.67,-0.428
2016-08-01,retail,Department Stores,116.612,125.768,120.315,129.872,-4.84,-5.99,-0.366
2016-09-01,retail,Department Stores,109.773,118.919,113.863,123.748,-6.24,-7.29,-0.45
2016-10-01,retail,Department Stores,121.373,124.202,126.182,128.692,0.85,0.45,0.027
2016-11-01,retail,Department Stores,123.569,123.943,129.564,129.535,-5.13,-4.57,-0.298
2016-12-01,retail,Department Stores,174.963,124.361,181.658,130.101,0.17,0.05,0.004
2017-01-01,retail,Department Stores,158.612,125.385,164.106,129.759,2.31,1.31,0.09
2017-02-01,retail,Department Stores,103.169,121.267,107.548,126.692,-12.83,-13.57,-0.86
2017-03-01,retail,Department Stores,111.522,123.299,117.777,128.35,-1.07,-1.61,-0.09
2017-04-01,retail,Department Stores,108.592,125.978,115.197,132.178,3.73,3.75,0.208
2017-05-01,retail,Department Stores,118.877,122.531,125.501,128.794,-6.02,-4.97,-0.305
2017-06-01,retail,Department Stores,118.37,123.398,123.153,130.026,0.33,1.36,0.078
2017-07-01,retail,Department Stores,119.05,125.748,124.547,131.874,-1.07,0.73,0.043
2017-08-01,retail,Department Stores,116.663,122.96,121.888,128.83,0.04,1.31,0.075
2017-09-01,retail,Department Stores,116.261,124.202,121.7,130.097,5.91,6.88,0.386
2017-10-01,retail,Department Stores,120.717,124.822,126.894,131.303,-0.54,0.56,0.034
2017-11-01,retail,Department Stores,128.452,124.668,134.851,131.113,3.95,4.08,0.252
2017-12-01,retail,Department Stores,167.947,120.2,174.378,125.627,-4.01,-4.01,-0.298
2018-01-01,retail,Department Stores,133.627,128.916,140.02,134.844,-15.75,-14.68,-0.994
2018-02-01,retail,Department Stores,127.935,126.591,134.151,132.63,24.01,24.74,1.384
2018-03-01,retail,Department Stores,120.961,132.454,127.952,137.778,8.46,8.64,0.466
2018-04-01,retail,Department Stores,106.675,124.215,112.78,130.192,-1.77,-2.1,-0.12
2018-05-01,retail,Department Stores,121.879,126.546,128.404,132.65,2.53,2.31,0.135
2018-06-01,retail,Department Stores,115.183,120.938,120.377,127.597,-2.69,-2.25,-0.129
2018-07-01,retail,Department Stores,112.249,121.478,118.354,128.101,-5.71,-4.97,-0.289
2018-08-01,retail,Department Stores,119.41,121.53,125.983,128.771,2.35,3.36,0.191
2018-09-01,retail,Department Stores,116.852,122.509,122.782,129.066,0.51,0.89,0.054
2018-10-01,retail,Department Stores,116.049,121.456,121.828,127.754,-3.87,-3.99,-0.239
2018-11-01,retail,Department Stores,140.011,132.531,146.621,139.603,9.0,8.73,0.532
2018-12-01,retail,Department Stores,164.079,118.293,171.98,125.274,-2.3,-1.38,-0.092
2019-01-01,retail,Department Stores,141.533,121.647,149.919,128.195,5.92,7.07,0.442
2019-02-01,retail,Department Stores,111.524,125.078,117.598,132.085,-12.83,-12.34,-0.793
2019-03-01,retail,Department Stores,114.0,125.215,120.148,129.011,-5.75,-6.1,-0.361
2019-04-01,retail,Department Stores,104.454,124.229,109.42,128.51,-2.08,-2.98,-0.165
2019-05-01,retail,Department Stores,117.705,121.699,123.486,126.93,-3.42,-3.83,-0.228
2019-06-01,retail,Department Stores,115.547,121.528,120.546,128.363,0.32,0.14,0.008
2019-07-01,retail,Department Stores,109.843,120.974,113.83,124.817,-2.14,-3.82,-0.216
2019-08-01,retail,Department Stores,126.489,124.37,130.69,129.09,5.93,3.74,0.22
2019-09-01,retail,Department Stores,116.163,121.197,121.136,127.273,-0.59,-1.34,-0.08
2019-10-01,retail,Department Stores,115.633,120.13,120.466,125.663,-0.36,-1.12,-0.064
2019-11-01,retail,Department Stores,128.155,119.683,133.461,125.453,-8.47,-8.98,-0.607
2019-12-01,retail,Department Stores,156.329,115.253,162.045,120.843,-4.72,-5.78,-0.407
2020-01-01,retail,Department Stores,138.703,113.628,143.848,117.013,-2.0,-4.05,-0.251
2020-02-01,retail,Department Stores,73.614,83.292,76.765,86.894,-33.99,-34.72,-2.165
2020-03-01,retail,Department Stores,71.305,80.226,73.986,81.436,-37.45,-38.42,-2.144
2020-04-01,retail,Department Stores,18.965,22.467,19.286,22.468,-81.84,-82.37,-4.498
2020-05-01,retail,Department Stores,10.101,10.011,10.189,10.076,-91.42,-91.75,-5.339
2020-06-01,retail,Department Stores,36.362,40.554,36.612,41.316,-68.53,-69.63,-4.204
2020-07-01,retail,Department Stores,75.889,82.013,75.964,81.551,-30.91,-33.27,-1.837
2020-08-01,retail,Department Stores,82.769,79.857,82.944,80.571,-34.56,-36.53,-2.334
2020-09-01,retail,Department Stores,72.48,77.55,72.955,78.206,-37.6,-39.77,-2.399
2020-10-01,retail,Department Stores,77.63,78.142,78.007,78.868,-32.87,-35.25,-2.084
2020-11-01,retail,Department Stores,102.657,94.877,102.093,96.018,-19.9,-23.5,-1.514
2020-12-01,retail,Department Stores,115.002,86.371,115.345,87.378,-26.44,-28.82,-1.982
2021-01-01,retail,Department Stores,91.195,84.542,91.276,83.9,-34.25,-36.55,-2.336
2021-02-01,retail,Department Stores,75.002,77.609,74.709,77.338,1.89,-2.68,-0.119
2021-03-01,retail,Department Stores,72.706,83.815,73.155,82.1,1.96,-1.12,-0.045
2021-04-01,retail,Department Stores,71.509,83.885,71.163,81.88,277.06,268.99,4.311
2021-05-01,retail,Department Stores,63.624,63.339,63.002,62.756,529.88,518.33,5.146
2021-06-01,retail,Department Stores,62.506,70.514,60.445,68.931,71.9,65.1,1.649
2021-07-01,retail,Department Stores,72.17,76.409,70.315,73.885,-4.9,-7.44,-0.3
2021-08-01,retail,Department Stores,78.121,76.167,76.252,74.945,-5.62,-8.07,-0.347
2021-09-01,retail,Department Stores,73.924,77.586,72.985,76.979,1.99,0.04,0.002
2021-10-01,retail,Department Stores,76.938,77.017,76.461,76.737,-0.89,-1.98,-0.083
2021-11-01,retail,Department Stores,98.037,92.152,95.339,91.444,-4.5,-6.62,-0.331
2021-12-01,retail,Department Stores,131.808,97.656,129.612,96.801,14.61,12.37,0.626
2022-01-01,retail,Department Stores,121.187,98.722,118.943,96.146,32.89,30.31,1.315
2022-02-01,retail,Department Stores,72.176,85.72,71.298,84.841,-3.77,-4.57,-0.187
2022-03-01,retail,Department Stores,86.694,100.112,86.215,96.727,19.24,17.85,0.661
2022-04-01,retail,Department Stores,93.264,109.171,94.031,107.299,30.42,32.13,1.231
2022-05-01,retail,Department Stores,108.142,110.013,109.667,111.678,69.97,74.07,2.513
2022-06-01,retail,Department Stores,95.955,106.377,96.535,108.754,53.51,59.71,1.971
2022-07-01,retail,Department Stores,98.928,103.962,100.408,104.409,37.08,42.8,1.593
2022-08-01,retail,Department Stores,108.077,107.057,110.609,110.323,38.35,45.06,1.826
2022-09-01,retail,Department Stores,95.782,99.297,98.283,102.483,29.57,34.66,1.318
2022-10-01,retail,Department Stores,106.793,106.805,108.742,109.41,38.8,42.22,1.607
2022-11-01,retail,Department Stores,114.69,109.082,116.322,112.617,16.99,22.01,1.003
2022-12-01,retail,Department Stores,142.738,103.962,144.572,106.039,8.29,11.54,0.615
2023-01-01,retail,Department Stores,120.638,98.817,123.674,101.458,-0.45,3.98,0.2
2023-02-01,retail,Department Stores,86.991,109.119,89.984,112.473,20.53,26.21,1.061
2023-03-01,retail,Department Stores,97.272,106.578,100.454,109.005,12.2,16.52,0.66
2023-04-01,retail,Department Stores,97.168,107.26,100.753,109.517,4.19,7.15,0.322
2023-05-01,retail,Department Stores,106.131,106.22,109.749,108.568,-1.86,0.07,0.004
2023-06-01,retail,Department Stores,94.589,103.724,97.01,106.728,-1.42,0.49,0.023
2023-07-01,retail,Department Stores,96.651,104.088,98.703,106.395,-2.3,-1.7,-0.079
2023-08-01,retail,Department Stores,102.297,104.067,104.884,106.429,-5.35,-5.18,-0.268
2023-09-01,retail,Department Stores,97.965,104.348,99.151,105.505,2.28,0.88,0.041
2023-10-01,retail,Department Stores,101.109,103.895,102.816,105.727,-5.32,-5.45,-0.266
2023-11-01,retail,Department Stores,116.66,105.414,117.783,107.873,1.72,1.26,0.065
2023-12-01,retail,Department Stores,135.397,101.982,136.327,104.135,-5.14,-5.7,-0.314
2024-01-01,retail,Department Stores,117.468,107.347,120.029,109.893,-2.63,-2.95,-0.156
2024-02-01,retail,Department Stores,91.682,100.112,94.197,102.339,5.39,4.68,0.213
2024-03-01,retail,Department Stores,99.118,104.8,100.904,105.994,1.9,0.45,0.02
2024-04-01,retail,Department Stores,89.448,101.645,92.346,103.276,-7.95,-8.34,-0.389
2024-05-01,retail,Department Stores,103.028,101.988,106.12,103.83,-2.92,-3.31,-0.163
2024-06-01,retail,Department Stores,91.189,98.806,91.854,99.675,-3.59,-5.31,-0.242
2024-07-01,retail,Department Stores,85.68,95.892,87.181,97.592,-11.35,-11.67,-0.526
2024-08-01,retail,Department Stores,96.971,97.158,98.154,98.097,-5.21,-6.42,-0.302
2024-09-01,retail,Department Stores,91.515,97.608,92.294,98.523,-6.58,-6.92,-0.318
2024-10-01,retail,Department Stores,99.93,103.652,100.345,104.024,-1.17,-2.4,-0.111
2024-11-01,retail,Department Stores,113.031,99.784,111.589,99.882,-3.11,-5.26,-0.271
2024-12-01,retail,Department Stores,128.286,99.051,128.545,100.684,-5.25,-5.71,-0.297
2025-01-01,retail,Department Stores,123.476,99.862,124.186,100.534,5.11,3.46,0.175
2025-02-01,retail,Department Stores,78.227,99.266,79.358,99.841,-14.68,-15.75,-0.692
2025-03-01,retail,Department Stores,98.411,101.515,99.031,102.001,-0.71,-1.86,-0.081
2025-04-01,retail,Department Stores,82.621,95.629,83.21,94.619,-7.63,-9.89,-0.427
2025-05-01,retail,Department Stores,102.314,99.254,102.82,98.862,-0.69,-3.11,-0.144
2025-06-01,retail,Department Stores,92.312,101.248,92.622,101.504,1.23,0.84,0.036
2025-07-01,retail,Department Stores,90.89,102.182,90.593,102.095,6.08,3.91,0.154
2025-08-01,retail,Department Stores,93.938,95.329,93.483,94.378,-3.13,-4.76,-0.208
2025-09-01,retail,Department Stores,95.299,103.208,95.539,103.561,4.13,3.52,0.148
2025-10-01,retail,Department Stores,98.656,100.872,99.247,101.224,-1.27,-1.09,-0.048
2025-11-01,retail,Department Stores,117.133,101.985,115.238,102.129,3.63,3.27,0.16
2025-12-01,retail,Department Stores,126.723,98.914,124.673,98.427,-1.22,-3.01,-0.152
2026-01-01,retail,Department Stores,108.041,101.303,108.058,101.924,-12.5,-12.99,-0.652
2026-02-01,retail,Department Stores,93.128,100.089,93.816,99.746,19.05,18.22,0.696
2026-03-01,retail,Department Stores,91.965,94.388,93.548,95.931,-6.55,-5.54,-0.23
2026-04-01,retail,Department Stores,81.296,95.296,82.912,95.48,-1.6,-0.36,-0.014
2026-05-01,retail,Department Stores,97.689,94.806,99.442,95.453,-4.52,-3.29,-0.146
2026-06-01,retail,Department Stores,81.951,91.514,83.563,93.205,-11.22,-9.78,-0.417
2026-07-01,retail,Department Stores,86.544,96.422,87.432,97.451,-4.78,-3.49,-0.136
2016-01-01,retail,Food & Alcohol,122.164,99.743,100.423,81.593,-1.42,-0.04,-0.002
2016-02-01,retail,Food & Alcohol,106.783,101.468,88.129,83.13,-35.98,-35.29,-2.554
2016-03-01,retail,Food & Alcohol,99.193,104.661,81.437,85.897,-12.59,-10.96,-0.527
2016-04-01,retail,Food & Alcohol,95.489,104.954,78.557,86.307,-9.6,-7.56,-0.355
2016-05-01,retail,Food & Alcohol,105.295,109.153,86.62,89.759,-6.31,-4.16,-0.193
2016-06-01,retail,Food & Alcohol,96.244,107.638,79.153,88.669,-8.03,-5.89,-0.254
2016-07-01,retail,Food & Alcohol,99.113,103.319,81.701,85.274,-10.87,-8.68,-0.402
2016-08-01,retail,Food & Alcohol,107.489,101.983,88.505,84.057,-9.34,-7.34,-0.358
2016-09-01,retail,Food & Alcohol,99.658,103.405,82.236,85.474,-9.06,-7.06,-0.336
2016-10-01,retail,Food & Alcohol,102.86,105.67,84.765,87.206,-0.07,1.87,0.08
2016-11-01,retail,Food & Alcohol,96.798,101.32,79.897,83.881,-4.1,-1.9,-0.079
2016-12-01,retail,Food & Alcohol,114.358,103.218,94.664,85.821,-2.4,-0.07,-0.003
2017-01-01,retail,Food & Alcohol,128.048,81.137,107.168,67.281,4.82,6.72,0.306
2017-02-01,retail,Food & Alcohol,83.761,105.214,69.824,87.55,-21.56,-20.77,-0.997
2017-03-01,retail,Food & Alcohol,94.321,99.129,78.302,82.239,-4.91,-3.85,-0.157
2017-04-01,retail,Food & Alcohol,90.94,99.648,75.708,82.94,-4.76,-3.63,-0.152
2017-05-01,retail,Food & Alcohol,98.255,102.135,81.838,85.03,-6.69,-5.52,-0.238
2017-06-01,retail,Food & Alcohol,89.291,100.454,74.235,83.616,-7.22,-6.21,-0.248
2017-07-01,retail,Food & Alcohol,103.475,107.908,86.371,90.133,4.4,5.72,0.235
2017-08-01,retail,Food & Alcohol,113.346,107.004,94.208,89.019,5.45,6.44,0.293
2017-09-01,retail,Food & Alcohol,97.43,100.786,81.204,84.102,-2.24,-1.25,-0.054
2017-10-01,retail,Food & Alcohol,99.286,101.483,83.022,84.954,-3.47,-2.06,-0.088
2017-11-01,retail,Food & Alcohol,100.502,104.564,83.885,87.5,3.83,4.99,0.203
2017-12-01,retail,Food & Alcohol,112.052,100.369,93.673,84.31,-2.02,-1.05,-0.043
2018-01-01,retail,Food & Alcohol,126.005,135.233,106.114,114.084,-1.6,-0.98,-0.047
2018-02-01,retail,Food & Alcohol,133.6,100.858,113.158,84.42,59.5,62.06,2.412
2018-03-01,retail,Food & Alcohol,100.44,105.829,84.817,89.313,6.49,8.32,0.319
2018-04-01,retail,Food & Alcohol,95.136,103.913,80.233,87.668,4.61,5.98,0.24
2018-05-01,retail,Food & Alcohol,95.179,99.346,80.395,83.879,-3.13,-1.76,-0.072
2018-06-01,retail,Food & Alcohol,86.714,97.706,73.478,82.875,-2.89,-1.02,-0.038
2018-07-01,retail,Food & Alcohol,94.744,98.766,80.644,84.094,-8.44,-6.63,-0.285
2018-08-01,retail,Food & Alcohol,105.411,99.466,89.433,84.447,-7.0,-5.07,-0.238
2018-09-01,retail,Food & Alcohol,96.791,99.926,82.131,84.85,-0.66,1.14,0.049
2018-10-01,retail,Food & Alcohol,98.629,100.839,83.665,85.616,-0.66,0.77,0.032
2018-11-01,retail,Food & Alcohol,95.773,98.7,81.064,83.712,-4.71,-3.36,-0.136
2018-12-01,retail,Food & Alcohol,107.724,95.723,91.326,81.498,-3.86,-2.51,-0.097
2019-01-01,retail,Food & Alcohol,135.291,99.952,115.548,84.936,7.37,8.89,0.45
2019-02-01,retail,Food & Alcohol,103.812,115.579,88.789,98.502,-22.3,-21.54,-1.25
2019-03-01,retail,Food & Alcohol,95.896,101.454,81.749,86.46,-4.52,-3.62,-0.152
2019-04-01,retail,Food & Alcohol,91.178,99.043,77.506,84.28,-4.16,-3.4,-0.143
2019-05-01,retail,Food & Alcohol,93.772,98.116,79.8,83.474,-1.48,-0.74,-0.03
2019-06-01,retail,Food & Alcohol,87.308,98.134,74.063,83.313,0.69,0.8,0.029
2019-07-01,retail,Food & Alcohol,95.647,99.932,81.326,84.939,0.95,0.85,0.035
2019-08-01,retail,Food & Alcohol,104.955,99.506,89.484,84.885,-0.43,0.06,0.003
2019-09-01,retail,Food & Alcohol,94.447,97.25,80.642,83.054,-2.42,-1.81,-0.078
2019-10-01,retail,Food & Alcohol,97.68,100.251,83.518,85.821,-0.96,-0.18,-0.007
2019-11-01,retail,Food & Alcohol,93.097,95.236,79.639,81.58,-2.79,-1.76,-0.07
2019-12-01,retail,Food & Alcohol,106.105,93.314,90.641,79.986,-1.5,-0.75,-0.03
2020-01-01,retail,Food & Alcohol,143.029,91.337,123.534,78.298,5.72,6.91,0.354
2020-02-01,retail,Food & Alcohol,64.069,83.262,55.331,71.896,-38.28,-37.68,-1.898
2020-03-01,retail,Food & Alcohol,58.417,62.171,50.309,53.539,-39.08,-38.46,-1.562
2020-04-01,retail,Food & Alcohol,41.218,44.644,35.906,38.955,-54.79,-53.67,-2.221
2020-05-01,retail,Food & Alcohol,39.221,41.1,34.238,35.873,-58.17,-57.1,-2.297
2020-06-01,retail,Food & Alcohol,47.332,52.935,41.447,46.4,-45.79,-44.04,-1.748
2020-07-01,retail,Food & Alcohol,52.251,54.632,45.762,47.82,-45.37,-43.73,-1.846
2020-08-01,retail,Food & Alcohol,59.63,56.898,52.025,49.663,-43.19,-41.86,-1.959
2020-09-01,retail,Food & Alcohol,56.964,58.542,49.76,51.138,-39.69,-38.3,-1.645
2020-10-01,retail,Food & Alcohol,54.128,55.857,47.158,48.727,-44.59,-43.54,-1.909
2020-11-01,retail,Food & Alcohol,57.586,58.546,50.247,51.125,-38.14,-36.91,-1.518
2020-12-01,retail,Food & Alcohol,70.51,61.416,61.362,53.569,-33.55,-32.3,-1.329
2021-01-01,retail,Food & Alcohol,77.476,74.388,67.917,65.296,-45.83,-45.02,-2.644
2021-02-01,retail,Food & Alcohol,62.784,54.698,55.351,47.837,-2.01,0.04,0.001
2021-03-01,retail,Food & Alcohol,54.135,57.893,47.368,50.667,-7.33,-5.85,-0.169
2021-04-01,retail,Food & Alcohol,55.854,60.395,48.919,53.013,35.51,36.24,1.157
2021-05-01,retail,Food & Alcohol,57.521,60.215,50.556,52.925,46.66,47.66,1.701
2021-06-01,retail,Food & Alcohol,54.766,60.856,48.07,53.471,15.71,15.98,0.49
2021-07-01,retail,Food & Alcohol,56.55,59.216,49.897,52.205,8.23,9.04,0.235
2021-08-01,retail,Food & Alcohol,60.112,57.726,53.145,51.063,0.81,2.15,0.062
2021-09-01,retail,Food & Alcohol,58.045,59.535,51.46,52.772,1.9,3.42,0.101
2021-10-01,retail,Food & Alcohol,57.807,59.99,51.258,53.294,6.8,8.69,0.235
2021-11-01,retail,Food & Alcohol,61.471,62.343,54.739,55.543,6.75,8.94,0.235
2021-12-01,retail,Food & Alcohol,78.417,67.753,69.968,60.508,11.21,14.02,0.404
2022-01-01,retail,Food & Alcohol,88.848,56.761,80.49,51.094,14.68,18.51,0.639
2022-02-01,retail,Food & Alcohol,51.502,67.593,46.318,60.796,-17.97,-16.32,-0.53
2022-03-01,retail,Food & Alcohol,64.259,69.057,58.082,62.45,18.7,22.62,0.58
2022-04-01,retail,Food & Alcohol,74.464,80.545,67.94,73.678,33.32,38.88,1.095
2022-05-01,retail,Food & Alcohol,81.597,85.298,74.681,78.073,41.86,47.72,1.39
2022-06-01,retail,Food & Alcohol,75.641,83.715,70.081,77.641,38.12,45.79,1.286
2022-07-01,retail,Food & Alcohol,81.527,85.382,76.008,79.536,44.17,52.33,1.479
2022-08-01,retail,Food & Alcohol,84.959,81.799,79.482,76.566,41.33,49.56,1.498
2022-09-01,retail,Food & Alcohol,83.918,86.023,79.165,81.131,44.57,53.84,1.544
2022-10-01,retail,Food & Alcohol,87.626,91.373,82.686,86.424,51.58,61.31,1.674
2022-11-01,retail,Food & Alcohol,92.156,93.218,87.17,88.21,49.92,59.25,1.659
2022-12-01,retail,Food & Alcohol,110.969,95.587,105.745,91.066,41.51,51.13,1.572
2023-01-01,retail,Food & Alcohol,111.145,88.297,107.763,81.22,25.1,33.88,1.234
2023-02-01,retail,Food & Alcohol,81.666,89.498,79.126,88.036,58.57,70.83,1.994
2023-03-01,retail,Food & Alcohol,92.092,94.629,89.953,92.774,43.31,54.87,1.581
2023-04-01,retail,Food & Alcohol,90.177,98.23,88.103,96.501,21.1,29.68,1.034
2023-05-01,retail,Food & Alcohol,94.792,97.193,93.046,95.361,16.17,24.59,0.895
2023-06-01,retail,Food & Alcohol,93.633,101.847,91.606,100.079,23.79,30.71,1.092
2023-07-01,retail,Food & Alcohol,94.778,99.022,92.94,98.267,16.25,22.28,0.838
2023-08-01,retail,Food & Alcohol,99.603,98.657,97.839,98.123,17.24,23.1,0.92
2023-09-01,retail,Food & Alcohol,98.449,103.024,96.704,102.004,17.32,22.15,0.877
2023-10-01,retail,Food & Alcohol,102.221,102.364,100.484,100.848,16.66,21.52,0.855
2023-11-01,retail,Food & Alcohol,99.222,100.395,97.761,99.409,7.67,12.15,0.507
2023-12-01,retail,Food & Alcohol,112.891,97.637,110.701,94.726,1.73,4.69,0.202
2024-01-01,retail,Food & Alcohol,114.367,102.237,112.892,97.076,2.9,4.76,0.235
2024-02-01,retail,Food & Alcohol,106.267,106.87,105.534,108.05,30.12,33.37,1.427
2024-03-01,retail,Food & Alcohol,104.945,104.726,103.594,103.541,13.96,15.16,0.648
2024-04-01,retail,Food & Alcohol,92.967,101.706,91.393,99.149,3.09,3.73,0.163
2024-05-01,retail,Food & Alcohol,104.367,106.414,103.216,106.167,10.1,10.93,0.487
2024-06-01,retail,Food & Alcohol,96.729,105.917,95.291,104.865,3.31,4.02,0.185
2024-07-01,retail,Food & Alcohol,98.947,102.566,97.808,102.29,4.4,5.24,0.238
2024-08-01,retail,Food & Alcohol,107.674,105.505,106.563,105.465,8.1,8.92,0.419
2024-09-01,retail,Food & Alcohol,96.029,101.009,95.799,100.86,-2.46,-0.94,-0.045
2024-10-01,retail,Food & Alcohol,106.671,105.679,106.292,105.254,4.35,5.78,0.28
2024-11-01,retail,Food & Alcohol,103.019,104.262,102.269,104.416,3.83,4.61,0.211
2024-12-01,retail,Food & Alcohol,121.957,105.787,121.15,105.268,8.03,9.44,0.427
2025-01-01,retail,Food & Alcohol,111.553,95.132,111.771,91.621,-2.46,-0.99,-0.051
2025-02-01,retail,Food & Alcohol,95.05,103.419,94.955,104.245,-10.56,-10.02,-0.527
2025-03-01,retail,Food & Alcohol,106.946,104.437,107.087,104.443,1.91,3.37,0.161
2025-04-01,retail,Food & Alcohol,95.791,104.417,95.943,103.8,3.04,4.98,0.227
2025-05-01,retail,Food & Alcohol,99.255,101.283,98.73,101.407,-4.9,-4.35,-0.21
2025-06-01,retail,Food & Alcohol,89.862,99.362,89.171,100.259,-7.1,-6.42,-0.309
2025-07-01,retail,Food & Alcohol,99.628,102.473,99.469,102.519,0.69,1.7,0.08
2025-08-01,retail,Food & Alcohol,102.045,99.543,101.951,99.926,-5.23,-4.33,-0.22
2025-09-01,retail,Food & Alcohol,94.696,100.001,94.764,100.266,-1.39,-1.08,-0.05
2025-10-01,retail,Food & Alcohol,98.864,97.713,99.382,98.245,-7.32,-6.5,-0.324
2025-11-01,retail,Food & Alcohol,96.028,97.389,96.246,97.782,-6.79,-5.89,-0.282
2025-12-01,retail,Food & Alcohol,110.282,95.936,110.531,96.502,-9.57,-8.77,-0.445
2026-01-01,retail,Food & Alcohol,110.027,107.188,111.462,106.873,-1.37,-0.28,-0.013
2026-02-01,retail,Food & Alcohol,102.892,98.307,105.799,100.92,8.25,11.42,0.558
2026-03-01,retail,Food & Alcohol,97.035,93.707,100.197,96.478,-9.27,-6.43,-0.31
2026-04-01,retail,Food & Alcohol,93.156,101.541,96.492,103.296,-2.75,0.57,0.027
2026-05-01,retail,Food & Alcohol,92.323,94.323,95.258,98.664,-6.98,-3.52,-0.161
2026-06-01,retail,Food & Alcohol,85.3,95.455,88.133,100.557,-5.08,-1.16,-0.051
2026-07-01,retail,Food & Alcohol,90.816,93.273,94.415,96.05,-8.84,-5.08,-0.232
2016-01-01,retail,Furniture & Household Equipment,106.453,92.504,105.416,92.666,0.69,0.31,0.025
2016-02-01,retail,Furniture & Household Equipment,69.43,88.972,68.975,88.88,-11.95,-12.57,-0.837
2016-03-01,retail,Furniture & Household Equipment,84.895,87.022,84.204,86.599,4.24,3.82,0.259
2016-04-01,retail,Furniture & Household Equipment,81.882,88.713,81.915,88.6,-2.79,-2.33,-0.171
2016-05-01,retail,Furniture & Household Equipment,87.878,90.188,87.844,90.291,1.96,2.89,0.201
2016-06-01,retail,Furniture & Household Equipment,97.936,91.91,97.847,90.423,5.44,6.19,0.464
2016-07-01,retail,Furniture & Household Equipment,95.178,91.582,95.07,90.787,-2.36,-2.0,-0.16
2016-08-01,retail,Furniture & Household Equipment,82.289,86.303,81.69,85.198,-5.95,-5.75,-0.404
2016-09-01,retail,Furniture & Household Equipment,84.705,90.046,84.691,89.79,0.81,0.95,0.068
2016-10-01,retail,Furniture & Household Equipment,84.392,87.131,84.0,86.798,-0.96,-1.1,-0.076
2016-11-01,retail,Furniture & Household Equipment,88.299,87.15,86.999,86.364,-1.02,-2.07,-0.15
2016-12-01,retail,Furniture & Household Equipment,111.195,90.247,107.988,88.673,4.97,2.42,0.178
2017-01-01,retail,Furniture & Household Equipment,96.013,86.466,93.265,85.653,-9.81,-11.53,-0.876
2017-02-01,retail,Furniture & Household Equipment,71.082,88.377,69.27,85.868,2.38,0.43,0.026
2017-03-01,retail,Furniture & Household Equipment,87.099,88.773,85.098,86.687,2.6,1.06,0.071
2017-04-01,retail,Furniture & Household Equipment,81.165,88.63,78.925,85.291,-0.88,-3.65,-0.254
2017-05-01,retail,Furniture & Household Equipment,87.99,89.949,85.367,87.075,0.13,-2.82,-0.196
2017-06-01,retail,Furniture & Household Equipment,101.926,95.192,99.049,89.991,4.07,1.23,0.096
2017-07-01,retail,Furniture & Household Equipment,91.369,90.517,89.382,88.234,-4.0,-5.98,-0.454
2017-08-01,retail,Furniture & Household Equipment,88.958,93.822,86.722,90.746,8.1,6.16,0.41
2017-09-01,retail,Furniture & Household Equipment,84.533,89.706,82.629,87.984,-0.2,-2.43,-0.173
2017-10-01,retail,Furniture & Household Equipment,88.231,90.6,85.949,88.848,4.55,2.32,0.156
2017-11-01,retail,Furniture & Household Equipment,93.839,90.563,91.263,89.424,6.27,4.9,0.345
2017-12-01,retail,Furniture & Household Equipment,114.799,92.539,111.081,91.143,3.24,2.86,0.215
2018-01-01,retail,Furniture & Household Equipment,105.407,90.946,101.959,90.288,9.78,9.32,0.609
2018-02-01,retail,Furniture & Household Equipment,76.789,94.885,74.536,91.756,8.03,7.6,0.465
2018-03-01,retail,Furniture & Household Equipment,91.7,98.052,89.251,94.179,5.28,4.88,0.323
2018-04-01,retail,Furniture & Household Equipment,87.146,96.09,84.349,91.109,7.37,6.87,0.457
2018-05-01,retail,Furniture & Household Equipment,97.491,100.045,94.446,96.112,10.8,10.64,0.715
2018-06-01,retail,Furniture & Household Equipment,101.852,96.935,99.378,91.231,-0.07,0.33,0.026
2018-07-01,retail,Furniture & Household Equipment,92.857,93.392,91.211,91.189,1.63,2.05,0.145
2018-08-01,retail,Furniture & Household Equipment,87.475,92.481,86.005,90.242,-1.67,-0.83,-0.057
2018-09-01,retail,Furniture & Household Equipment,86.445,91.391,84.413,90.193,2.26,2.16,0.15
2018-10-01,retail,Furniture & Household Equipment,90.206,91.844,88.281,91.062,2.24,2.71,0.186
2018-11-01,retail,Furniture & Household Equipment,96.194,90.199,93.559,90.237,2.51,2.52,0.176
2018-12-01,retail,Furniture & Household Equipment,109.56,87.717,106.225,86.904,-4.56,-4.37,-0.318
2019-01-01,retail,Furniture & Household Equipment,106.331,91.551,101.815,90.244,0.88,-0.14,-0.011
2019-02-01,retail,Furniture & Household Equipment,64.893,84.59,62.882,80.893,-15.49,-15.64,-0.948
2019-03-01,retail,Furniture & Household Equipment,89.485,90.625,85.489,85.608,-2.42,-4.22,-0.295
2019-04-01,retail,Furniture & Household Equipment,82.634,92.133,79.418,85.692,-5.18,-5.85,-0.411
2019-05-01,retail,Furniture & Household Equipment,91.568,91.618,88.242,85.492,-6.08,-6.57,-0.488
2019-06-01,retail,Furniture & Household Equipment,87.817,88.421,83.954,81.934,-13.78,-15.52,-1.197
2019-07-01,retail,Furniture & Household Equipment,87.427,89.105,83.564,84.666,-5.85,-8.38,-0.621
2019-08-01,retail,Furniture & Household Equipment,80.749,85.633,77.214,81.416,-7.69,-10.22,-0.699
2019-09-01,retail,Furniture & Household Equipment,80.777,84.922,76.577,82.041,-6.56,-9.28,-0.648
2019-10-01,retail,Furniture & Household Equipment,84.101,84.685,79.318,81.476,-6.77,-10.15,-0.714
2019-11-01,retail,Furniture & Household Equipment,88.286,80.586,83.422,79.123,-8.22,-10.83,-0.794
2019-12-01,retail,Furniture & Household Equipment,103.021,81.918,97.213,79.23,-5.97,-8.48,-0.627
2020-01-01,retail,Furniture & Household Equipment,87.821,80.943,82.84,78.471,-17.41,-18.64,-1.334
2020-02-01,retail,Furniture & Household Equipment,71.461,86.813,67.337,80.744,10.12,7.08,0.401
2020-03-01,retail,Furniture & Household Equipment,92.742,94.083,87.28,87.208,3.64,2.1,0.141
2020-04-01,retail,Furniture & Household Equipment,53.733,60.443,50.268,54.254,-34.97,-36.7,-2.469
2020-05-01,retail,Furniture & Household Equipment,35.949,36.055,33.63,32.14,-60.74,-61.89,-4.369
2020-06-01,retail,Furniture & Household Equipment,70.724,73.292,66.025,66.302,-19.46,-21.36,-1.525
2020-07-01,retail,Furniture & Household Equipment,97.397,100.285,91.586,93.856,11.4,9.6,0.661
2020-08-01,retail,Furniture & Household Equipment,98.255,104.311,93.705,99.084,21.68,21.36,1.369
2020-09-01,retail,Furniture & Household Equipment,90.103,94.35,86.192,92.397,11.55,12.56,0.813
2020-10-01,retail,Furniture & Household Equipment,94.334,94.087,89.619,91.645,12.17,12.99,0.858
2020-11-01,retail,Furniture & Household Equipment,112.887,100.97,106.265,99.422,27.87,27.38,1.872
2020-12-01,retail,Furniture & Household Equipment,124.548,98.471,117.739,95.686,20.9,21.11,1.479
2021-01-01,retail,Furniture & Household Equipment,112.691,96.774,106.862,94.266,28.32,29.0,1.812
2021-02-01,retail,Furniture & Household Equipment,79.626,100.549,75.553,94.914,11.43,12.2,0.807
2021-03-01,retail,Furniture & Household Equipment,94.197,98.465,89.486,91.464,1.57,2.53,0.201
2021-04-01,retail,Furniture & Household Equipment,88.398,99.447,84.137,89.806,64.51,67.38,4.779
2021-05-01,retail,Furniture & Household Equipment,97.127,99.798,92.678,89.956,170.18,175.58,9.768
2021-06-01,retail,Furniture & Household Equipment,98.984,103.519,94.396,95.278,39.96,42.97,3.333
2021-07-01,retail,Furniture & Household Equipment,93.33,96.497,89.536,92.473,-4.18,-2.24,-0.185
2021-08-01,retail,Furniture & Household Equipment,93.212,99.079,90.175,95.526,-5.13,-3.77,-0.311
2021-09-01,retail,Furniture & Household Equipment,93.934,97.871,90.943,97.458,4.25,5.51,0.449
2021-10-01,retail,Furniture & Household Equipment,100.207,99.42,97.158,99.223,6.23,8.41,0.686
2021-11-01,retail,Furniture & Household Equipment,117.259,103.643,114.407,106.023,3.87,7.66,0.677
2021-12-01,retail,Furniture & Household Equipment,123.868,97.361,121.15,98.069,-0.55,2.9,0.254
2022-01-01,retail,Furniture & Household Equipment,113.954,97.849,112.206,98.954,1.12,5.0,0.431
2022-02-01,retail,Furniture & Household Equipment,78.981,102.133,77.625,99.714,-0.81,2.74,0.193
2022-03-01,retail,Furniture & Household Equipment,105.501,107.857,104.016,104.108,12.0,16.24,1.248
2022-04-01,retail,Furniture & Household Equipment,101.042,109.984,100.022,101.481,14.3,18.88,1.451
2022-05-01,retail,Furniture & Household Equipment,99.113,106.855,97.896,100.417,2.04,5.63,0.477
2022-06-01,retail,Furniture & Household Equipment,96.64,101.532,95.309,96.298,-2.37,0.97,0.085
2022-07-01,retail,Furniture & Household Equipment,99.501,103.081,98.836,102.537,6.61,10.39,0.836
2022-08-01,retail,Furniture & Household Equipment,97.73,103.724,98.313,104.089,4.85,9.02,0.734
2022-09-01,retail,Furniture & Household Equipment,94.643,98.323,95.302,102.125,0.75,4.79,0.386
2022-10-01,retail,Furniture & Household Equipment,98.861,97.922,99.671,101.786,-1.34,2.59,0.212
2022-11-01,retail,Furniture & Household Equipment,112.783,99.011,113.492,104.715,-3.82,-0.8,-0.074
2022-12-01,retail,Furniture & Household Equipment,135.386,106.237,135.712,109.533,9.3,12.02,1.016
2023-01-01,retail,Furniture & Household Equipment,95.393,96.597,96.709,97.629,-16.29,-13.81,-1.113
2023-02-01,retail,Furniture & Household Equipment,80.165,92.605,81.634,96.385,1.5,5.16,0.387
2023-03-01,retail,Furniture & Household Equipment,97.241,98.404,98.511,98.775,-7.83,-5.29,-0.433
2023-04-01,retail,Furniture & Household Equipment,97.006,100.696,98.128,99.062,-3.99,-1.89,-0.154
2023-05-01,retail,Furniture & Household Equipment,96.245,100.163,96.671,99.316,-2.89,-1.25,-0.095
2023-06-01,retail,Furniture & Household Equipment,94.105,98.519,95.316,99.598,-2.62,0.01,0.001
2023-07-01,retail,Furniture & Household Equipment,97.331,100.278,98.851,101.434,-2.18,0.02,0.001
2023-08-01,retail,Furniture & Household Equipment,95.377,98.422,95.967,98.313,-2.41,-2.39,-0.187
2023-09-01,retail,Furniture & Household Equipment,90.253,95.986,90.73,96.784,-4.64,-4.8,-0.363
2023-10-01,retail,Furniture & Household Equipment,91.622,93.379,92.083,94.044,-7.32,-7.61,-0.579
2023-11-01,retail,Furniture & Household Equipment,106.686,94.864,106.43,95.27,-5.41,-6.22,-0.536
2023-12-01,retail,Furniture & Household Equipment,124.334,97.516,125.163,99.97,-8.16,-7.77,-0.681
2024-01-01,retail,Furniture & Household Equipment,100.846,94.886,101.563,95.427,5.72,5.02,0.353
2024-02-01,retail,Furniture & Household Equipment,79.901,99.332,81.024,103.468,-0.33,-0.75,-0.052
2024-03-01,retail,Furniture & Household Equipment,97.662,97.574,98.769,97.771,0.43,0.26,0.019
2024-04-01,retail,Furniture & Household Equipment,93.753,98.6,94.96,98.378,-3.35,-3.23,-0.249
2024-05-01,retail,Furniture & Household Equipment,97.081,100.522,97.692,99.866,0.87,1.06,0.078
2024-06-01,retail,Furniture & Household Equipment,93.613,97.445,93.836,97.741,-0.52,-1.55,-0.118
2024-07-01,retail,Furniture & Household Equipment,93.718,96.191,94.949,97.124,-3.71,-3.95,-0.302
2024-08-01,retail,Furniture & Household Equipment,94.516,97.04,95.882,97.746,-0.9,-0.09,-0.006
2024-09-01,retail,Furniture & Household Equipment,92.616,99.041,93.388,99.706,2.62,2.93,0.21
2024-10-01,retail,Furniture & Household Equipment,96.613,98.688,97.521,99.613,5.45,5.91,0.416
2024-11-01,retail,Furniture & Household Equipment,109.782,98.415,109.337,97.909,2.9,2.73,0.216
2024-12-01,retail,Furniture & Household Equipment,121.483,95.514,121.956,97.323,-2.29,-2.56,-0.208
2025-01-01,retail,Furniture & Household Equipment,99.868,97.599,99.781,97.63,-0.97,-1.75,-0.128
2025-02-01,retail,Furniture & Household Equipment,84.742,102.118,85.43,106.327,6.06,5.44,0.349
2025-03-01,retail,Furniture & Household Equipment,103.06,98.757,103.077,97.329,5.53,4.36,0.316
2025-04-01,retail,Furniture & Household Equipment,91.497,99.299,91.589,99.234,-2.41,-3.55,-0.267
2025-05-01,retail,Furniture & Household Equipment,97.273,100.465,98.345,100.041,0.2,0.67,0.048
2025-06-01,retail,Furniture & Household Equipment,96.509,100.276,96.958,100.729,3.09,3.33,0.25
2025-07-01,retail,Furniture & Household Equipment,97.381,99.626,97.277,99.483,3.91,2.45,0.179
2025-08-01,retail,Furniture & Household Equipment,102.926,105.391,102.545,104.143,8.9,6.95,0.504
2025-09-01,retail,Furniture & Household Equipment,92.596,99.067,92.466,98.855,-0.02,-0.99,-0.071
2025-10-01,retail,Furniture & Household Equipment,98.536,100.598,97.952,100.117,1.99,0.44,0.032
2025-11-01,retail,Furniture & Household Equipment,117.021,105.456,116.508,104.26,6.59,6.56,0.533
2025-12-01,retail,Furniture & Household Equipment,118.592,93.614,118.072,94.331,-2.38,-3.18,-0.258
2026-01-01,retail,Furniture & Household Equipment,104.491,99.36,103.832,99.141,4.63,4.06,0.278
2026-02-01,retail,Furniture & Household Equipment,84.57,98.584,84.678,103.03,-0.2,-0.88,-0.061
2026-03-01,retail,Furniture & Household Equipment,102.583,104.23,103.176,102.705,-0.46,0.1,0.007
2026-04-01,retail,Furniture & Household Equipment,92.008,99.887,92.414,100.137,0.56,0.9,0.065
2026-05-01,retail,Furniture & Household Equipment,99.423,102.481,100.158,101.563,2.21,1.84,0.133
2026-06-01,retail,Furniture & Household Equipment,96.362,99.833,97.157,100.696,-0.15,0.21,0.016
2026-07-01,retail,Furniture & Household Equipment,97.872,100.189,98.506,100.847,0.5,1.26,0.09
2016-01-01,retail,Mini-Marts & Convenience Stores,144.873,134.848,119.574,111.568,4.58,5.29,0.211
2016-02-01,retail,Mini-Marts & Convenience Stores,125.638,131.367,103.903,108.992,-0.27,1.03,0.041
2016-03-01,retail,Mini-Marts & Convenience Stores,133.537,133.466,111.043,110.638,-0.22,1.15,0.048
2016-04-01,retail,Mini-Marts & Convenience Stores,132.188,134.336,109.929,111.282,2.79,3.89,0.163
2016-05-01,retail,Mini-Marts & Convenience Stores,132.899,132.6,110.208,109.703,-3.04,-2.24,-0.093
2016-06-01,retail,Mini-Marts & Convenience Stores,126.215,130.37,104.401,107.805,-0.14,0.53,0.02
2016-07-01,retail,Mini-Marts & Convenience Stores,134.88,132.955,111.393,109.938,-0.27,0.62,0.025
2016-08-01,retail,Mini-Marts & Convenience Stores,137.549,131.543,113.628,109.006,-1.05,-0.18,-0.008
2016-09-01,retail,Mini-Marts & Convenience Stores,130.535,132.613,108.512,110.224,1.5,2.93,0.119
2016-10-01,retail,Mini-Marts & Convenience Stores,133.337,131.717,110.692,109.111,-1.09,-0.38,-0.015
2016-11-01,retail,Mini-Marts & Convenience Stores,125.465,129.991,104.236,107.909,-2.23,-1.33,-0.052
2016-12-01,retail,Mini-Marts & Convenience Stores,132.454,134.701,109.504,111.583,0.82,1.33,0.046
2017-01-01,retail,Mini-Marts & Convenience Stores,147.139,128.878,121.539,106.863,1.56,1.64,0.064
2017-02-01,retail,Mini-Marts & Convenience Stores,117.087,129.735,97.141,108.039,-6.81,-6.51,-0.264
2017-03-01,retail,Mini-Marts & Convenience Stores,129.1,128.787,107.666,106.971,-3.32,-3.04,-0.121
2017-04-01,retail,Mini-Marts & Convenience Stores,126.994,128.344,106.219,107.006,-3.93,-3.37,-0.142
2017-05-01,retail,Mini-Marts & Convenience Stores,130.175,129.647,108.591,107.929,-2.05,-1.47,-0.058
2017-06-01,retail,Mini-Marts & Convenience Stores,125.453,128.947,104.107,106.911,-0.6,-0.28,-0.011
2017-07-01,retail,Mini-Marts & Convenience Stores,128.332,127.54,106.854,106.285,-4.85,-4.07,-0.164
2017-08-01,retail,Mini-Marts & Convenience Stores,133.419,127.849,110.382,106.069,-3.0,-2.86,-0.12
2017-09-01,retail,Mini-Marts & Convenience Stores,126.926,129.167,105.462,107.232,-2.76,-2.81,-0.115
2017-10-01,retail,Mini-Marts & Convenience Stores,128.418,126.992,107.289,105.856,-3.69,-3.07,-0.123
2017-11-01,retail,Mini-Marts & Convenience Stores,121.919,126.712,101.763,105.635,-2.83,-2.37,-0.09
2017-12-01,retail,Mini-Marts & Convenience Stores,124.709,126.998,103.494,105.602,-5.85,-5.49,-0.189
2018-01-01,retail,Mini-Marts & Convenience Stores,135.042,132.826,112.158,110.359,-8.22,-7.72,-0.297
2018-02-01,retail,Mini-Marts & Convenience Stores,123.691,121.464,103.365,102.488,5.64,6.41,0.249
2018-03-01,retail,Mini-Marts & Convenience Stores,125.578,124.98,106.688,105.709,-2.73,-0.91,-0.034
2018-04-01,retail,Mini-Marts & Convenience Stores,124.843,125.972,106.007,106.741,-1.69,-0.2,-0.008
2018-05-01,retail,Mini-Marts & Convenience Stores,126.43,125.675,107.348,106.51,-2.88,-1.14,-0.044
2018-06-01,retail,Mini-Marts & Convenience Stores,122.848,125.91,104.571,107.0,-2.08,0.45,0.017
2018-07-01,retail,Mini-Marts & Convenience Stores,126.791,126.036,107.821,107.184,-1.2,0.9,0.035
2018-08-01,retail,Mini-Marts & Convenience Stores,131.673,126.879,111.944,108.109,-1.31,1.42,0.056
2018-09-01,retail,Mini-Marts & Convenience Stores,122.402,125.069,104.465,106.576,-3.56,-0.95,-0.038
2018-10-01,retail,Mini-Marts & Convenience Stores,125.197,124.055,107.182,105.944,-2.51,-0.1,-0.004
2018-11-01,retail,Mini-Marts & Convenience Stores,118.728,123.563,101.579,105.554,-2.62,-0.18,-0.006
2018-12-01,retail,Mini-Marts & Convenience Stores,118.693,120.805,101.451,103.464,-4.82,-1.97,-0.06
2019-01-01,retail,Mini-Marts & Convenience Stores,136.707,123.173,116.686,105.425,1.23,4.04,0.155
2019-02-01,retail,Mini-Marts & Convenience Stores,118.097,125.999,101.015,108.798,-4.52,-2.27,-0.086
2019-03-01,retail,Mini-Marts & Convenience Stores,126.206,125.328,108.116,106.886,0.5,1.34,0.051
2019-04-01,retail,Mini-Marts & Convenience Stores,124.437,125.491,106.112,106.915,-0.33,0.1,0.004
2019-05-01,retail,Mini-Marts & Convenience Stores,126.995,124.599,108.311,106.039,0.45,0.9,0.034
2019-06-01,retail,Mini-Marts & Convenience Stores,119.157,123.067,101.879,104.984,-3.0,-2.57,-0.094
2019-07-01,retail,Mini-Marts & Convenience Stores,124.706,123.924,106.42,105.677,-1.64,-1.3,-0.051
2019-08-01,retail,Mini-Marts & Convenience Stores,129.557,125.63,110.711,107.541,-1.61,-1.1,-0.044
2019-09-01,retail,Mini-Marts & Convenience Stores,121.96,125.274,104.807,107.429,-0.36,0.33,0.013
2019-10-01,retail,Mini-Marts & Convenience Stores,126.833,125.918,108.753,107.688,1.31,1.47,0.057
2019-11-01,retail,Mini-Marts & Convenience Stores,121.492,126.483,104.36,108.473,2.33,2.74,0.098
2019-12-01,retail,Mini-Marts & Convenience Stores,122.956,124.873,105.405,107.236,3.59,3.9,0.124
2020-01-01,retail,Mini-Marts & Convenience Stores,138.957,120.701,118.187,103.041,1.65,1.29,0.048
2020-02-01,retail,Mini-Marts & Convenience Stores,117.807,129.803,101.353,112.786,-0.25,0.33,0.014
2020-03-01,retail,Mini-Marts & Convenience Stores,132.263,131.031,113.892,112.394,4.8,5.34,0.206
2020-04-01,retail,Mini-Marts & Convenience Stores,139.758,141.261,122.332,123.653,12.31,15.29,0.621
2020-05-01,retail,Mini-Marts & Convenience Stores,135.654,132.285,119.304,116.067,6.82,10.15,0.398
2020-06-01,retail,Mini-Marts & Convenience Stores,126.752,131.064,111.684,115.162,6.37,9.62,0.377
2020-07-01,retail,Mini-Marts & Convenience Stores,127.48,126.541,111.658,110.695,2.22,4.92,0.195
2020-08-01,retail,Mini-Marts & Convenience Stores,127.993,124.806,111.482,108.837,-1.21,0.7,0.029
2020-09-01,retail,Mini-Marts & Convenience Stores,120.947,124.929,105.49,108.689,-0.83,0.65,0.026
2020-10-01,retail,Mini-Marts & Convenience Stores,125.931,125.181,109.779,108.838,-0.71,0.94,0.039
2020-11-01,retail,Mini-Marts & Convenience Stores,120.207,125.155,104.507,108.642,-1.06,0.14,0.005
2020-12-01,retail,Mini-Marts & Convenience Stores,127.015,128.606,110.541,112.089,3.3,4.87,0.167
2021-01-01,retail,Mini-Marts & Convenience Stores,130.946,124.231,113.681,108.004,-5.77,-3.81,-0.154
2021-02-01,retail,Mini-Marts & Convenience Stores,117.524,118.19,102.375,104.294,-0.24,1.01,0.045
2021-03-01,retail,Mini-Marts & Convenience Stores,122.317,120.972,106.591,105.065,-7.52,-6.41,-0.301
2021-04-01,retail,Mini-Marts & Convenience Stores,116.789,117.919,101.898,102.963,-16.43,-16.7,-1.303
2021-05-01,retail,Mini-Marts & Convenience Stores,124.805,121.962,108.944,106.206,-8.0,-8.68,-0.775
2021-06-01,retail,Mini-Marts & Convenience Stores,118.034,121.78,102.923,105.841,-6.88,-7.84,-0.465
2021-07-01,retail,Mini-Marts & Convenience Stores,122.801,121.759,107.195,106.114,-3.67,-4.0,-0.182
2021-08-01,retail,Mini-Marts & Convenience Stores,120.397,117.913,104.942,102.871,-5.93,-5.87,-0.26
2021-09-01,retail,Mini-Marts & Convenience Stores,112.894,117.026,99.009,102.351,-6.66,-6.14,-0.277
2021-10-01,retail,Mini-Marts & Convenience Stores,117.994,117.374,103.616,102.809,-6.3,-5.61,-0.254
2021-11-01,retail,Mini-Marts & Convenience Stores,111.996,116.639,98.368,102.308,-6.83,-5.87,-0.231
2021-12-01,retail,Mini-Marts & Convenience Stores,120.839,121.899,106.096,107.131,-4.86,-4.02,-0.15
2022-01-01,retail,Mini-Marts & Convenience Stores,131.652,113.724,115.975,100.587,0.54,2.02,0.084
2022-02-01,retail,Mini-Marts & Convenience Stores,99.411,109.645,87.928,98.035,-15.41,-14.11,-0.608
2022-03-01,retail,Mini-Marts & Convenience Stores,112.61,111.291,100.534,99.053,-7.94,-5.68,-0.235
2022-04-01,retail,Mini-Marts & Convenience Stores,107.053,106.953,96.575,96.571,-8.34,-5.22,-0.22
2022-05-01,retail,Mini-Marts & Convenience Stores,114.358,113.074,102.985,101.591,-8.37,-5.47,-0.246
2022-06-01,retail,Mini-Marts & Convenience Stores,107.414,110.653,97.457,100.045,-9.0,-5.31,-0.229
2022-07-01,retail,Mini-Marts & Convenience Stores,111.229,110.215,101.183,100.069,-9.42,-5.61,-0.244
2022-08-01,retail,Mini-Marts & Convenience Stores,110.833,108.85,100.862,99.142,-7.94,-3.89,-0.166
2022-09-01,retail,Mini-Marts & Convenience Stores,106.838,110.907,98.125,101.581,-5.36,-0.89,-0.035
2022-10-01,retail,Mini-Marts & Convenience Stores,111.245,110.672,102.733,101.944,-5.72,-0.85,-0.034
2022-11-01,retail,Mini-Marts & Convenience Stores,105.476,109.832,98.047,101.974,-5.82,-0.33,-0.012
2022-12-01,retail,Mini-Marts & Convenience Stores,115.979,116.708,108.2,108.977,-4.02,1.98,0.066
2023-01-01,retail,Mini-Marts & Convenience Stores,113.256,99.463,105.925,93.562,-13.97,-8.67,-0.326
2023-02-01,retail,Mini-Marts & Convenience Stores,99.44,110.478,93.747,104.656,0.03,6.62,0.254
2023-03-01,retail,Mini-Marts & Convenience Stores,111.345,110.849,106.442,105.577,-1.12,5.88,0.21
2023-04-01,retail,Mini-Marts & Convenience Stores,106.885,110.012,102.49,105.001,-0.16,6.12,0.218
2023-05-01,retail,Mini-Marts & Convenience Stores,110.739,108.803,107.083,104.926,-3.16,3.98,0.143
2023-06-01,retail,Mini-Marts & Convenience Stores,107.816,110.532,104.091,106.589,0.37,6.81,0.241
2023-07-01,retail,Mini-Marts & Convenience Stores,111.182,107.712,108.016,104.535,-0.04,6.75,0.243
2023-08-01,retail,Mini-Marts & Convenience Stores,112.665,109.418,109.448,106.54,1.65,8.51,0.309
2023-09-01,retail,Mini-Marts & Convenience Stores,105.557,107.16,102.705,104.295,-1.2,4.67,0.164
2023-10-01,retail,Mini-Marts & Convenience Stores,105.89,104.787,103.892,102.676,-4.81,1.13,0.04
2023-11-01,retail,Mini-Marts & Convenience Stores,102.377,106.1,100.151,103.832,-2.94,2.15,0.072
2023-12-01,retail,Mini-Marts & Convenience Stores,101.93,103.936,99.636,101.702,-12.11,-7.91,-0.25
2024-01-01,retail,Mini-Marts & Convenience Stores,108.533,103.281,106.116,101.45,-4.17,0.18,0.006
2024-02-01,retail,Mini-Marts & Convenience Stores,100.581,103.604,98.95,102.329,1.15,5.55,0.202
2024-03-01,retail,Mini-Marts & Convenience Stores,103.832,103.238,102.682,101.757,-6.75,-3.53,-0.128
2024-04-01,retail,Mini-Marts & Convenience Stores,96.275,99.654,95.092,97.97,-9.93,-7.22,-0.263
2024-05-01,retail,Mini-Marts & Convenience Stores,104.489,102.731,103.246,101.249,-5.64,-3.58,-0.132
2024-06-01,retail,Mini-Marts & Convenience Stores,98.128,100.639,96.806,99.28,-8.99,-7.0,-0.262
2024-07-01,retail,Mini-Marts & Convenience Stores,107.454,103.525,106.086,102.147,-3.35,-1.79,-0.068
2024-08-01,retail,Mini-Marts & Convenience Stores,109.122,105.517,107.628,104.329,-3.14,-1.66,-0.063
2024-09-01,retail,Mini-Marts & Convenience Stores,101.045,102.149,99.868,101.024,-4.27,-2.76,-0.101
2024-10-01,retail,Mini-Marts & Convenience Stores,98.533,97.486,97.916,96.743,-6.95,-5.75,-0.207
2024-11-01,retail,Mini-Marts & Convenience Stores,91.811,95.141,91.343,94.661,-10.32,-8.79,-0.296
2024-12-01,retail,Mini-Marts & Convenience Stores,91.423,93.688,90.545,92.814,-10.31,-9.12,-0.266
2025-01-01,retail,Mini-Marts & Convenience Stores,107.644,95.715,106.159,95.071,-0.82,0.04,0.001
2025-02-01,retail,Mini-Marts & Convenience Stores,99.173,109.714,98.534,109.079,-1.4,-0.42,-0.015
2025-03-01,retail,Mini-Marts & Convenience Stores,102.031,100.895,101.812,100.307,-1.73,-0.85,-0.029
2025-04-01,retail,Mini-Marts & Convenience Stores,98.659,102.811,98.611,102.339,2.48,3.7,0.126
2025-05-01,retail,Mini-Marts & Convenience Stores,101.502,99.908,101.456,99.632,-2.86,-1.73,-0.06
2025-06-01,retail,Mini-Marts & Convenience Stores,96.344,98.931,96.16,98.796,-1.82,-0.67,-0.023
2025-07-01,retail,Mini-Marts & Convenience Stores,102.964,98.861,103.087,98.954,-4.18,-2.83,-0.104
2025-08-01,retail,Mini-Marts & Convenience Stores,101.218,97.596,101.235,97.865,-7.24,-5.94,-0.219
2025-09-01,retail,Mini-Marts & Convenience Stores,97.073,97.82,97.459,98.282,-3.93,-2.41,-0.084
2025-10-01,retail,Mini-Marts & Convenience Stores,100.979,99.889,101.584,100.347,2.48,3.75,0.123
2025-11-01,retail,Mini-Marts & Convenience Stores,96.563,100.166,97.309,100.91,5.18,6.53,0.201
2025-12-01,retail,Mini-Marts & Convenience Stores,95.852,98.49,96.593,99.22,4.84,6.68,0.182
2026-01-01,retail,Mini-Marts & Convenience Stores,104.045,104.144,104.811,105.363,-3.34,-1.27,-0.042
2026-02-01,retail,Mini-Marts & Convenience Stores,91.181,89.738,92.006,90.845,-8.06,-6.63,-0.241
2026-03-01,retail,Mini-Marts & Convenience Stores,101.71,100.698,103.785,102.368,-0.31,1.94,0.064
2026-04-01,retail,Mini-Marts & Convenience Stores,98.556,102.639,101.272,105.049,-0.1,2.7,0.095
2026-05-01,retail,Mini-Marts & Convenience Stores,102.952,101.419,105.721,103.923,1.43,4.2,0.142
2026-06-01,retail,Mini-Marts & Convenience Stores,93.24,95.847,95.583,98.346,-3.22,-0.6,-0.02
2026-07-01,retail,Mini-Marts & Convenience Stores,98.919,94.735,101.589,97.286,-3.93,-1.45,-0.049
2016-01-01,retail,"Motor Vehicles, Parts & Accessories",138.732,131.17,119.621,113.799,45.88,50.92,6.366
2016-02-01,retail,"Motor Vehicles, Parts & Accessories",109.879,139.336,94.795,120.006,46.52,51.3,5.494
2016-03-01,retail,"Motor Vehicles, Parts & Accessories",164.583,137.451,141.673,117.69,39.95,41.28,7.01
2016-04-01,retail,"Motor Vehicles, Parts & Accessories",140.13,145.132,120.854,123.065,39.7,43.02,6.465
2016-05-01,retail,"Motor Vehicles, Parts & Accessories",154.786,141.481,132.601,121.515,34.95,35.91,5.782
2016-06-01,retail,"Motor Vehicles, Parts & Accessories",163.377,150.977,140.008,120.301,18.12,17.68,3.467
2016-07-01,retail,"Motor Vehicles, Parts & Accessories",143.801,147.796,123.341,126.906,36.43,36.9,5.54
2016-08-01,retail,"Motor Vehicles, Parts & Accessories",143.951,147.81,121.805,126.961,32.16,31.33,4.774
2016-09-01,retail,"Motor Vehicles, Parts & Accessories",144.594,146.005,122.435,129.187,21.36,21.18,3.701
2016-10-01,retail,"Motor Vehicles, Parts & Accessories",143.774,146.641,121.316,127.039,13.89,14.46,2.54
2016-11-01,retail,"Motor Vehicles, Parts & Accessories",140.993,147.822,118.822,127.477,18.3,17.04,2.855
2016-12-01,retail,"Motor Vehicles, Parts & Accessories",130.93,137.789,111.805,117.352,0.85,0.89,0.139
2017-01-01,retail,"Motor Vehicles, Parts & Accessories",143.864,143.177,122.156,123.096,3.7,2.12,0.371
2017-02-01,retail,"Motor Vehicles, Parts & Accessories",122.317,146.788,103.693,121.649,11.32,9.39,1.56
2017-03-01,retail,"Motor Vehicles, Parts & Accessories",180.472,152.229,151.428,125.99,9.65,6.89,1.568
2017-04-01,retail,"Motor Vehicles, Parts & Accessories",132.971,136.153,113.108,114.394,-5.11,-6.41,-1.333
2017-05-01,retail,"Motor Vehicles, Parts & Accessories",159.121,145.7,135.196,123.864,2.8,1.96,0.415
2017-06-01,retail,"Motor Vehicles, Parts & Accessories",153.964,141.88,132.114,115.649,-5.76,-5.64,-1.282
2017-07-01,retail,"Motor Vehicles, Parts & Accessories",143.86,149.069,123.688,127.038,0.04,0.28,0.056
2017-08-01,retail,"Motor Vehicles, Parts & Accessories",146.624,150.94,125.16,131.078,1.86,2.75,0.554
2017-09-01,retail,"Motor Vehicles, Parts & Accessories",120.399,122.515,103.661,110.26,-16.73,-15.33,-3.187
2017-10-01,retail,"Motor Vehicles, Parts & Accessories",133.899,136.207,116.654,122.384,-6.87,-3.84,-0.757
2017-11-01,retail,"Motor Vehicles, Parts & Accessories",147.779,154.298,127.695,136.469,4.81,7.47,1.454
2017-12-01,retail,"Motor Vehicles, Parts & Accessories",159.727,167.814,140.844,146.586,21.99,25.97,4.094
2018-01-01,retail,"Motor Vehicles, Parts & Accessories",127.488,117.264,110.14,100.907,-11.38,-9.84,-1.707
2018-02-01,retail,"Motor Vehicles, Parts & Accessories",99.406,127.974,85.55,107.902,-18.73,-17.5,-3.249
2018-03-01,retail,"Motor Vehicles, Parts & Accessories",150.502,127.713,129.196,108.258,-16.61,-14.68,-3.502
2018-04-01,retail,"Motor Vehicles, Parts & Accessories",131.475,133.259,112.21,112.506,-1.13,-0.79,-0.154
2018-05-01,retail,"Motor Vehicles, Parts & Accessories",145.725,133.919,123.872,113.975,-8.42,-8.38,-1.809
2018-06-01,retail,"Motor Vehicles, Parts & Accessories",170.982,158.062,144.963,129.929,11.05,9.73,2.056
2018-07-01,retail,"Motor Vehicles, Parts & Accessories",123.256,128.476,104.886,107.635,-14.32,-15.2,-3.015
2018-08-01,retail,"Motor Vehicles, Parts & Accessories",128.02,132.347,109.126,114.775,-12.69,-12.81,-2.572
2018-09-01,retail,"Motor Vehicles, Parts & Accessories",124.421,126.424,106.406,112.516,3.34,2.65,0.468
2018-10-01,retail,"Motor Vehicles, Parts & Accessories",134.465,136.879,114.365,119.321,0.42,-1.96,-0.371
2018-11-01,retail,"Motor Vehicles, Parts & Accessories",127.689,133.334,108.396,115.664,-13.59,-15.11,-3.003
2018-12-01,retail,"Motor Vehicles, Parts & Accessories",130.531,136.408,111.727,115.797,-18.28,-20.67,-3.86
2019-01-01,retail,"Motor Vehicles, Parts & Accessories",152.91,139.687,132.216,119.558,19.94,20.04,3.389
2019-02-01,retail,"Motor Vehicles, Parts & Accessories",93.455,119.781,81.27,101.926,-5.99,-5.0,-0.706
2019-03-01,retail,"Motor Vehicles, Parts & Accessories",149.496,127.759,130.365,110.267,-0.67,0.9,0.186
2019-04-01,retail,"Motor Vehicles, Parts & Accessories",126.2,126.945,110.954,110.337,-4.01,-1.12,-0.212
2019-05-01,retail,"Motor Vehicles, Parts & Accessories",129.831,119.777,114.602,106.215,-10.91,-7.48,-1.479
2019-06-01,retail,"Motor Vehicles, Parts & Accessories",110.637,102.653,98.011,90.029,-35.29,-32.39,-7.388
2019-07-01,retail,"Motor Vehicles, Parts & Accessories",120.812,126.446,106.47,109.197,-1.98,1.51,0.261
2019-08-01,retail,"Motor Vehicles, Parts & Accessories",100.077,103.631,87.004,91.629,-21.83,-20.27,-3.564
2019-09-01,retail,"Motor Vehicles, Parts & Accessories",107.097,108.495,93.363,97.115,-13.92,-12.26,-2.188
2019-10-01,retail,"Motor Vehicles, Parts & Accessories",102.792,104.534,88.29,91.206,-23.55,-22.8,-4.212
2019-11-01,retail,"Motor Vehicles, Parts & Accessories",96.125,101.12,84.134,89.777,-24.72,-22.38,-3.853
2019-12-01,retail,"Motor Vehicles, Parts & Accessories",97.258,101.095,84.805,87.936,-25.49,-24.1,-3.795
2020-01-01,retail,"Motor Vehicles, Parts & Accessories",101.418,103.577,87.848,90.596,-33.67,-33.56,-6.324
2020-02-01,retail,"Motor Vehicles, Parts & Accessories",93.311,106.016,82.365,89.666,-0.15,1.35,0.2
2020-03-01,retail,"Motor Vehicles, Parts & Accessories",107.612,92.118,93.653,79.882,-28.02,-28.16,-5.868
2020-04-01,retail,"Motor Vehicles, Parts & Accessories",29.856,29.831,25.538,25.276,-76.34,-76.98,-14.67
2020-05-01,retail,"Motor Vehicles, Parts & Accessories",19.247,17.852,16.429,15.339,-85.18,-85.66,-15.922
2020-06-01,retail,"Motor Vehicles, Parts & Accessories",59.842,55.76,51.172,47.758,-45.91,-47.79,-8.075
2020-07-01,retail,"Motor Vehicles, Parts & Accessories",107.954,113.068,92.866,95.47,-10.64,-12.78,-2.272
2020-08-01,retail,"Motor Vehicles, Parts & Accessories",112.565,117.287,97.507,102.425,12.48,12.07,1.767
2020-09-01,retail,"Motor Vehicles, Parts & Accessories",107.317,107.752,93.592,95.589,0.21,0.25,0.039
2020-10-01,retail,"Motor Vehicles, Parts & Accessories",108.221,109.99,94.926,97.1,5.28,7.52,1.121
2020-11-01,retail,"Motor Vehicles, Parts & Accessories",101.065,107.408,88.501,94.532,5.14,5.19,0.725
2020-12-01,retail,"Motor Vehicles, Parts & Accessories",101.061,104.397,87.583,91.21,3.91,3.28,0.406
2021-01-01,retail,"Motor Vehicles, Parts & Accessories",109.898,100.194,96.854,87.938,8.36,10.25,1.377
2021-02-01,retail,"Motor Vehicles, Parts & Accessories",83.76,105.73,74.9,92.527,-10.24,-9.06,-1.487
2021-03-01,retail,"Motor Vehicles, Parts & Accessories",121.33,104.128,108.302,92.696,12.75,15.64,2.711
2021-04-01,retail,"Motor Vehicles, Parts & Accessories",103.628,103.165,92.258,91.151,247.09,261.26,19.085
2021-05-01,retail,"Motor Vehicles, Parts & Accessories",94.827,88.407,85.62,80.271,392.68,421.15,23.206
2021-06-01,retail,"Motor Vehicles, Parts & Accessories",102.772,95.758,92.418,86.912,71.74,80.6,9.824
2021-07-01,retail,"Motor Vehicles, Parts & Accessories",94.558,99.152,83.748,86.291,-12.41,-9.82,-1.667
2021-08-01,retail,"Motor Vehicles, Parts & Accessories",91.181,95.161,80.488,84.287,-19.0,-17.45,-3.037
2021-09-01,retail,"Motor Vehicles, Parts & Accessories",100.782,100.86,91.71,92.57,-6.09,-2.01,-0.361
2021-10-01,retail,"Motor Vehicles, Parts & Accessories",89.999,91.339,82.53,83.959,-16.84,-13.06,-2.288
2021-11-01,retail,"Motor Vehicles, Parts & Accessories",82.594,88.299,77.658,83.031,-18.28,-12.25,-1.827
2021-12-01,retail,"Motor Vehicles, Parts & Accessories",87.545,90.268,81.306,84.994,-13.37,-7.17,-0.947
2022-01-01,retail,"Motor Vehicles, Parts & Accessories",92.871,84.87,85.205,77.813,-15.49,-12.03,-1.905
2022-02-01,retail,"Motor Vehicles, Parts & Accessories",69.37,86.797,64.321,79.181,-17.18,-14.12,-1.997
2022-03-01,retail,"Motor Vehicles, Parts & Accessories",97.84,83.896,93.026,79.678,-19.36,-14.11,-2.659
2022-04-01,retail,"Motor Vehicles, Parts & Accessories",79.26,78.96,77.127,76.201,-23.51,-16.4,-2.803
2022-05-01,retail,"Motor Vehicles, Parts & Accessories",78.554,73.468,76.92,72.211,-17.16,-10.16,-1.613
2022-06-01,retail,"Motor Vehicles, Parts & Accessories",83.681,78.133,81.879,77.065,-18.58,-11.4,-1.981
2022-07-01,retail,"Motor Vehicles, Parts & Accessories",74.601,78.236,72.6,74.961,-21.11,-13.31,-2.032
2022-08-01,retail,"Motor Vehicles, Parts & Accessories",74.615,77.79,74.106,77.477,-18.17,-7.93,-1.168
2022-09-01,retail,"Motor Vehicles, Parts & Accessories",73.369,73.137,73.202,73.551,-27.2,-20.18,-3.319
2022-10-01,retail,"Motor Vehicles, Parts & Accessories",68.258,69.395,69.514,70.591,-24.16,-15.77,-2.231
2022-11-01,retail,"Motor Vehicles, Parts & Accessories",67.826,72.598,68.14,72.913,-17.88,-12.26,-1.567
2022-12-01,retail,"Motor Vehicles, Parts & Accessories",72.548,74.754,72.893,76.367,-17.13,-10.35,-1.19
2023-01-01,retail,"Motor Vehicles, Parts & Accessories",63.959,71.879,65.208,73.448,-31.13,-23.47,-2.912
2023-02-01,retail,"Motor Vehicles, Parts & Accessories",76.729,77.511,77.053,76.946,10.61,19.79,2.489
2023-03-01,retail,"Motor Vehicles, Parts & Accessories",99.426,84.059,99.707,82.786,1.62,7.18,1.067
2023-04-01,retail,"Motor Vehicles, Parts & Accessories",76.947,76.765,76.655,75.73,-2.92,-0.61,-0.078
2023-05-01,retail,"Motor Vehicles, Parts & Accessories",80.673,78.507,78.706,76.664,2.7,2.32,0.28
2023-06-01,retail,"Motor Vehicles, Parts & Accessories",74.531,70.808,75.042,73.731,-10.93,-8.35,-1.116
2023-07-01,retail,"Motor Vehicles, Parts & Accessories",78.95,77.499,77.868,77.863,5.83,7.26,0.839
2023-08-01,retail,"Motor Vehicles, Parts & Accessories",79.811,80.053,78.849,79.877,6.96,6.4,0.765
2023-09-01,retail,"Motor Vehicles, Parts & Accessories",74.312,74.543,74.118,74.7,1.29,1.25,0.147
2023-10-01,retail,"Motor Vehicles, Parts & Accessories",75.091,78.886,75.267,79.423,10.01,8.28,0.889
2023-11-01,retail,"Motor Vehicles, Parts & Accessories",72.447,80.882,76.957,84.359,6.81,12.94,1.357
2023-12-01,retail,"Motor Vehicles, Parts & Accessories",83.181,83.696,90.223,89.119,14.66,23.77,2.269
2024-01-01,retail,"Motor Vehicles, Parts & Accessories",82.602,80.639,89.536,86.235,29.15,37.31,3.584
2024-02-01,retail,"Motor Vehicles, Parts & Accessories",74.753,87.106,78.195,90.815,-2.58,1.48,0.199
2024-03-01,retail,"Motor Vehicles, Parts & Accessories",103.902,87.807,107.041,89.493,4.5,7.36,1.121
2024-04-01,retail,"Motor Vehicles, Parts & Accessories",92.009,92.076,95.815,95.027,19.57,25.0,3.05
2024-05-01,retail,"Motor Vehicles, Parts & Accessories",91.388,88.362,94.076,91.289,13.28,19.53,2.37
2024-06-01,retail,"Motor Vehicles, Parts & Accessories",87.404,83.838,89.639,88.838,17.27,19.45,2.358
2024-07-01,retail,"Motor Vehicles, Parts & Accessories",96.746,93.392,99.028,97.768,22.54,27.17,3.323
2024-08-01,retail,"Motor Vehicles, Parts & Accessories",91.178,91.242,92.288,93.088,14.24,17.04,2.076
2024-09-01,retail,"Motor Vehicles, Parts & Accessories",94.232,94.644,96.069,96.789,26.81,29.62,3.508
2024-10-01,retail,"Motor Vehicles, Parts & Accessories",88.7,93.49,89.138,94.173,18.12,18.43,2.153
2024-11-01,retail,"Motor Vehicles, Parts & Accessories",80.168,90.609,80.95,89.485,10.66,5.19,0.601
2024-12-01,retail,"Motor Vehicles, Parts & Accessories",94.444,94.776,95.664,93.966,13.54,6.03,0.715
2025-01-01,retail,"Motor Vehicles, Parts & Accessories",90.235,94.656,91.459,95.018,9.24,2.15,0.279
2025-02-01,retail,"Motor Vehicles, Parts & Accessories",93.832,101.585,93.414,100.167,25.52,19.46,2.441
2025-03-01,retail,"Motor Vehicles, Parts & Accessories",109.756,92.914,109.188,92.218,5.63,2.01,0.319
2025-04-01,retail,"Motor Vehicles, Parts & Accessories",94.973,95.192,94.371,94.022,3.22,-1.51,-0.232
2025-05-01,retail,"Motor Vehicles, Parts & Accessories",104.576,100.487,103.89,100.428,14.43,10.43,1.478
2025-06-01,retail,"Motor Vehicles, Parts & Accessories",102.304,98.771,102.136,101.567,17.05,13.94,2.028
2025-07-01,retail,"Motor Vehicles, Parts & Accessories",109.204,104.45,108.664,106.297,12.88,9.73,1.498
2025-08-01,retail,"Motor Vehicles, Parts & Accessories",101.998,101.941,101.28,101.93,11.87,9.74,1.378
2025-09-01,retail,"Motor Vehicles, Parts & Accessories",102.954,103.496,102.793,103.231,9.26,7.0,1.053
2025-10-01,retail,"Motor Vehicles, Parts & Accessories",98.296,103.588,98.421,103.853,10.82,10.41,1.398
2025-11-01,retail,"Motor Vehicles, Parts & Accessories",89.086,101.43,90.254,100.283,11.12,11.49,1.402
2025-12-01,retail,"Motor Vehicles, Parts & Accessories",102.784,103.12,104.131,102.142,8.83,8.85,1.141
2026-01-01,retail,"Motor Vehicles, Parts & Accessories",102.348,100.74,105.929,102.666,13.42,15.82,2.012
2026-02-01,retail,"Motor Vehicles, Parts & Accessories",82.521,95.191,86.148,98.887,-12.05,-7.78,-1.203
2026-03-01,retail,"Motor Vehicles, Parts & Accessories",117.909,99.921,123.307,104.943,7.43,12.93,2.043
2026-04-01,retail,"Motor Vehicles, Parts & Accessories",100.351,100.508,104.486,104.419,5.66,10.72,1.613
2026-05-01,retail,"Motor Vehicles, Parts & Accessories",99.555,95.4,102.921,99.284,-4.8,-0.93,-0.144
2026-06-01,retail,"Motor Vehicles, Parts & Accessories",102.702,99.593,105.804,105.139,0.39,3.59,0.58
2026-07-01,retail,"Motor Vehicles, Parts & Accessories",107.248,102.005,110.135,107.303,-1.79,1.35,0.217
2016-01-01,retail,Petrol Service Stations,131.93,129.674,88.214,87.527,-10.79,-1.88,-0.086
2016-02-01,retail,Petrol Service Stations,118.755,123.755,76.466,79.986,-8.9,-7.6,-0.349
2016-03-01,retail,Petrol Service Stations,134.191,129.889,87.943,85.769,-1.27,-8.01,-0.42
2016-04-01,retail,Petrol Service Stations,128.062,127.501,83.56,84.171,-1.92,-9.92,-0.531
2016-05-01,retail,Petrol Service Stations,129.914,128.157,86.33,85.327,-5.04,-14.86,-0.806
2016-06-01,retail,Petrol Service Stations,120.774,125.407,82.171,84.148,-4.74,-14.07,-0.72
2016-07-01,retail,Petrol Service Stations,132.468,127.871,89.346,85.605,-5.05,-13.61,-0.761
2016-08-01,retail,Petrol Service Stations,132.179,127.986,87.948,84.875,-1.58,-9.86,-0.513
2016-09-01,retail,Petrol Service Stations,126.841,126.683,86.34,85.741,-0.57,-5.34,-0.273
2016-10-01,retail,Petrol Service Stations,130.988,128.967,91.729,89.405,-2.1,-4.35,-0.224
2016-11-01,retail,Petrol Service Stations,125.505,128.706,88.41,90.217,-0.76,-1.07,-0.051
2016-12-01,retail,Petrol Service Stations,124.057,127.28,89.106,92.538,-6.04,-2.21,-0.093
2017-01-01,retail,Petrol Service Stations,130.82,128.024,94.636,93.28,-0.84,7.28,0.304
2017-02-01,retail,Petrol Service Stations,119.097,129.643,87.675,95.541,0.29,14.66,0.637
2017-03-01,retail,Petrol Service Stations,134.082,128.636,97.957,94.886,-0.08,11.39,0.522
2017-04-01,retail,Petrol Service Stations,129.109,130.449,94.414,96.16,0.82,12.99,0.606
2017-05-01,retail,Petrol Service Stations,132.498,129.089,96.67,93.939,1.99,11.98,0.537
2017-06-01,retail,Petrol Service Stations,125.31,130.36,90.863,93.752,3.76,10.58,0.458
2017-07-01,retail,Petrol Service Stations,134.403,129.796,97.216,93.541,1.46,8.81,0.413
2017-08-01,retail,Petrol Service Stations,131.584,128.115,96.293,93.796,-0.45,9.49,0.447
2017-09-01,retail,Petrol Service Stations,127.083,127.041,94.249,94.087,0.19,9.16,0.435
2017-10-01,retail,Petrol Service Stations,131.369,129.234,98.485,96.331,0.29,7.37,0.356
2017-11-01,retail,Petrol Service Stations,125.794,128.466,96.264,97.726,0.23,8.88,0.417
2017-12-01,retail,Petrol Service Stations,122.381,126.706,92.888,96.867,-1.35,4.24,0.173
2018-01-01,retail,Petrol Service Stations,132.348,131.297,101.809,101.065,1.17,7.58,0.331
2018-02-01,retail,Petrol Service Stations,126.207,133.568,97.034,102.418,5.97,10.67,0.544
2018-03-01,retail,Petrol Service Stations,136.132,131.642,104.27,101.341,1.53,6.44,0.323
2018-04-01,retail,Petrol Service Stations,132.291,133.083,102.477,103.149,2.46,8.54,0.447
2018-05-01,retail,Petrol Service Stations,133.567,130.656,105.202,102.801,0.81,8.83,0.442
2018-06-01,retail,Petrol Service Stations,125.625,131.034,99.297,103.654,0.25,9.28,0.438
2018-07-01,retail,Petrol Service Stations,135.174,130.778,107.001,103.817,0.57,10.07,0.509
2018-08-01,retail,Petrol Service Stations,133.763,129.293,106.319,103.106,1.66,10.41,0.522
2018-09-01,retail,Petrol Service Stations,129.845,131.456,104.965,106.634,2.17,11.37,0.593
2018-10-01,retail,Petrol Service Stations,133.375,129.216,109.754,106.252,1.53,11.44,0.592
2018-11-01,retail,Petrol Service Stations,124.932,127.502,99.237,100.788,-0.69,3.09,0.15
2018-12-01,retail,Petrol Service Stations,120.821,124.908,92.498,95.368,-1.27,-0.42,-0.017
2019-01-01,retail,Petrol Service Stations,134.888,129.751,102.249,97.753,1.92,0.43,0.022
2019-02-01,retail,Petrol Service Stations,118.452,129.684,90.044,97.982,-6.14,-7.2,-0.374
2019-03-01,retail,Petrol Service Stations,134.008,131.127,103.888,101.913,-1.56,-0.37,-0.02
2019-04-01,retail,Petrol Service Stations,128.764,129.171,102.309,101.885,-2.67,-0.16,-0.009
2019-05-01,retail,Petrol Service Stations,132.76,128.858,106.66,103.848,-0.6,1.39,0.075
2019-06-01,retail,Petrol Service Stations,122.4,129.562,96.303,103.036,-2.57,-3.02,-0.153
2019-07-01,retail,Petrol Service Stations,132.774,126.794,104.046,99.947,-1.78,-2.76,-0.158
2019-08-01,retail,Petrol Service Stations,131.254,127.593,102.779,100.14,-1.88,-3.33,-0.185
2019-09-01,retail,Petrol Service Stations,128.408,128.886,101.515,102.457,-1.11,-3.29,-0.188
2019-10-01,retail,Petrol Service Stations,129.355,125.722,102.957,100.549,-3.01,-6.19,-0.356
2019-11-01,retail,Petrol Service Stations,124.18,126.988,99.605,101.573,-0.6,0.37,0.019
2019-12-01,retail,Petrol Service Stations,119.858,123.668,97.466,99.783,-0.8,5.37,0.227
2020-01-01,retail,Petrol Service Stations,126.64,122.391,102.94,99.517,-6.11,0.68,0.032
2020-02-01,retail,Petrol Service Stations,115.057,120.368,91.697,94.15,-2.87,1.84,0.098
2020-03-01,retail,Petrol Service Stations,119.945,117.949,90.771,88.857,-10.49,-12.63,-0.68
2020-04-01,retail,Petrol Service Stations,69.799,69.944,50.866,50.413,-45.79,-50.28,-2.865
2020-05-01,retail,Petrol Service Stations,63.493,62.614,44.586,44.258,-52.17,-58.2,-3.265
2020-06-01,retail,Petrol Service Stations,91.269,95.477,63.995,67.92,-25.43,-33.55,-1.807
2020-07-01,retail,Petrol Service Stations,111.897,106.432,78.919,75.896,-15.72,-24.15,-1.361
2020-08-01,retail,Petrol Service Stations,119.497,117.254,84.268,82.878,-8.96,-18.01,-1.01
2020-09-01,retail,Petrol Service Stations,118.986,118.512,84.159,84.444,-7.34,-17.1,-0.965
2020-10-01,retail,Petrol Service Stations,127.282,123.519,90.196,88.354,-1.6,-12.39,-0.699
2020-11-01,retail,Petrol Service Stations,122.209,125.865,86.804,89.317,-1.59,-12.85,-0.69
2020-12-01,retail,Petrol Service Stations,127.883,130.123,92.582,93.064,6.7,-5.01,-0.231
2021-01-01,retail,Petrol Service Stations,128.146,126.682,95.424,93.52,1.19,-7.3,-0.373
2021-02-01,retail,Petrol Service Stations,116.984,125.904,92.446,98.036,1.67,0.82,0.048
2021-03-01,retail,Petrol Service Stations,128.271,124.586,107.55,103.557,6.94,18.48,1.007
2021-04-01,retail,Petrol Service Stations,123.583,124.171,103.749,102.973,77.06,103.97,4.906
2021-05-01,retail,Petrol Service Stations,111.8,110.309,95.229,94.627,76.08,113.58,5.509
2021-06-01,retail,Petrol Service Stations,106.882,111.847,92.021,98.127,17.11,43.79,2.165
2021-07-01,retail,Petrol Service Stations,119.022,113.96,105.349,101.975,6.37,33.49,1.567
2021-08-01,retail,Petrol Service Stations,117.644,115.394,104.258,102.533,-1.55,23.72,1.157
2021-09-01,retail,Petrol Service Stations,115.942,115.017,102.902,103.016,-2.56,22.27,1.165
2021-10-01,retail,Petrol Service Stations,115.683,113.392,104.868,104.087,-9.11,16.27,0.878
2021-11-01,retail,Petrol Service Stations,114.082,116.66,105.137,107.511,-6.65,21.12,1.002
2021-12-01,retail,Petrol Service Stations,125.329,126.137,114.207,113.489,-2.0,23.36,1.059
2022-01-01,retail,Petrol Service Stations,128.961,123.269,119.762,112.708,0.64,25.51,1.291
2022-02-01,retail,Petrol Service Stations,104.155,116.252,100.844,110.919,-10.97,9.08,0.514
2022-03-01,retail,Petrol Service Stations,125.938,122.882,133.283,128.862,-1.82,23.93,1.453
2022-04-01,retail,Petrol Service Stations,122.124,123.226,129.171,128.493,-1.18,24.5,1.527
2022-05-01,retail,Petrol Service Stations,124.994,123.434,138.827,138.406,11.8,45.78,2.621
2022-06-01,retail,Petrol Service Stations,114.847,119.734,134.495,143.24,7.45,46.16,2.59
2022-07-01,retail,Petrol Service Stations,120.566,116.524,130.393,127.632,1.3,23.77,1.48
2022-08-01,retail,Petrol Service Stations,119.885,115.827,121.11,117.058,1.9,16.16,1.0
2022-09-01,retail,Petrol Service Stations,117.712,116.86,117.296,117.669,1.53,13.99,0.837
2022-10-01,retail,Petrol Service Stations,117.609,115.389,115.242,114.291,1.66,9.89,0.577
2022-11-01,retail,Petrol Service Stations,115.92,118.421,114.122,116.906,1.61,8.55,0.48
2022-12-01,retail,Petrol Service Stations,111.618,112.949,106.436,106.161,-10.94,-6.8,-0.356
2023-01-01,retail,Petrol Service Stations,113.91,113.02,109.235,110.928,-11.67,-8.79,-0.497
2023-02-01,retail,Petrol Service Stations,106.987,114.406,103.798,109.828,2.72,2.93,0.187
2023-03-01,retail,Petrol Service Stations,117.898,112.995,114.047,107.973,-6.38,-14.43,-0.996
2023-04-01,retail,Petrol Service Stations,113.654,114.371,110.87,109.813,-6.94,-14.17,-0.979
2023-05-01,retail,Petrol Service Stations,117.889,113.784,113.198,108.839,-5.68,-18.46,-1.303
2023-06-01,retail,Petrol Service Stations,105.46,110.616,101.895,107.694,-8.17,-24.24,-1.725
2023-07-01,retail,Petrol Service Stations,112.333,108.86,109.373,105.547,-6.83,-16.12,-1.086
2023-08-01,retail,Petrol Service Stations,116.953,111.959,117.846,111.917,-2.45,-2.7,-0.171
2023-09-01,retail,Petrol Service Stations,112.84,112.124,116.702,116.607,-4.14,-0.51,-0.031
2023-10-01,retail,Petrol Service Stations,114.71,113.109,117.117,116.034,-2.46,1.63,0.094
2023-11-01,retail,Petrol Service Stations,107.326,110.918,107.895,111.234,-7.41,-5.46,-0.311
2023-12-01,retail,Petrol Service Stations,103.633,109.65,102.386,109.862,-7.15,-3.81,-0.172
2024-01-01,retail,Petrol Service Stations,113.589,111.615,112.605,112.316,-0.28,3.09,0.161
2024-02-01,retail,Petrol Service Stations,107.763,111.073,109.387,112.372,0.73,5.38,0.315
2024-03-01,retail,Petrol Service Stations,114.322,110.631,115.625,111.534,-3.03,1.38,0.078
2024-04-01,retail,Petrol Service Stations,109.86,109.313,114.236,111.96,-3.34,3.04,0.174
2024-05-01,retail,Petrol Service Stations,110.907,106.76,114.228,109.856,-5.92,0.91,0.052
2024-06-01,retail,Petrol Service Stations,101.108,107.418,102.349,109.127,-4.13,0.45,0.024
2024-07-01,retail,Petrol Service Stations,111.417,106.587,114.521,108.877,-0.82,4.71,0.262
2024-08-01,retail,Petrol Service Stations,112.308,107.165,111.894,106.255,-3.97,-5.05,-0.298
2024-09-01,retail,Petrol Service Stations,105.729,105.92,106.217,106.567,-6.3,-8.98,-0.543
2024-10-01,retail,Petrol Service Stations,107.941,105.353,110.176,107.352,-5.9,-5.93,-0.349
2024-11-01,retail,Petrol Service Stations,100.263,103.959,102.05,105.775,-6.58,-5.42,-0.286
2024-12-01,retail,Petrol Service Stations,97.226,103.638,97.895,105.382,-6.18,-4.39,-0.191
2025-01-01,retail,Petrol Service Stations,104.685,101.063,106.47,104.545,-7.84,-5.45,-0.289
2025-02-01,retail,Petrol Service Stations,95.043,103.254,97.827,106.003,-11.8,-10.57,-0.601
2025-03-01,retail,Petrol Service Stations,107.029,103.421,106.09,102.69,-6.38,-8.25,-0.459
2025-04-01,retail,Petrol Service Stations,101.862,101.145,102.115,100.308,-7.28,-10.61,-0.632
2025-05-01,retail,Petrol Service Stations,104.361,101.002,103.54,100.242,-5.9,-9.36,-0.522
2025-06-01,retail,Petrol Service Stations,95.552,101.177,96.337,101.816,-5.5,-5.87,-0.316
2025-07-01,retail,Petrol Service Stations,107.132,102.348,108.065,102.554,-3.85,-5.64,-0.326
2025-08-01,retail,Petrol Service Stations,107.835,103.618,106.313,102.085,-3.98,-4.99,-0.277
2025-09-01,retail,Petrol Service Stations,98.682,98.12,97.68,96.933,-6.67,-8.04,-0.433
2025-10-01,retail,Petrol Service Stations,93.091,90.556,91.4,88.601,-13.76,-17.04,-0.917
2025-11-01,retail,Petrol Service Stations,95.458,100.151,95.166,99.907,-4.79,-6.75,-0.337
2025-12-01,retail,Petrol Service Stations,89.27,94.294,88.997,94.543,-8.18,-9.09,-0.389
2026-01-01,retail,Petrol Service Stations,95.735,96.306,95.396,97.32,-8.55,-10.4,-0.499
2026-02-01,retail,Petrol Service Stations,89.085,93.385,87.956,92.181,-6.27,-10.09,-0.53
2026-03-01,retail,Petrol Service Stations,95.94,92.686,110.34,107.105,-10.36,4.01,0.199
2026-04-01,retail,Petrol Service Stations,96.904,95.982,116.825,114.603,-4.87,14.41,0.761
2026-05-01,retail,Petrol Service Stations,94.564,92.582,113.424,111.448,-9.39,9.55,0.477
2026-06-01,retail,Petrol Service Stations,87.607,92.044,103.998,108.748,-8.31,7.95,0.393
2026-07-01,retail,Petrol Service Stations,91.568,86.91,106.93,100.953,-14.53,-1.05,-0.054
2016-01-01,retail,Recreational Goods,79.348,79.554,83.4,83.761,0.02,1.25,0.021
2016-02-01,retail,Recreational Goods,70.903,78.664,73.903,82.12,-3.23,-3.38,-0.057
2016-03-01,retail,Recreational Goods,76.293,75.795,79.66,79.232,-4.17,-5.06,-0.092
2016-04-01,retail,Recreational Goods,74.323,78.773,80.394,84.487,0.44,2.83,0.05
2016-05-01,retail,Recreational Goods,79.249,80.566,83.974,84.931,-1.11,-1.03,-0.018
2016-06-01,retail,Recreational Goods,70.81,71.809,74.621,76.426,-13.39,-11.69,-0.209
2016-07-01,retail,Recreational Goods,77.63,78.161,82.724,82.903,-6.25,-5.28,-0.099
2016-08-01,retail,Recreational Goods,74.173,74.272,78.582,77.519,-12.12,-11.66,-0.219
2016-09-01,retail,Recreational Goods,73.814,78.87,77.486,83.102,6.38,6.69,0.108
2016-10-01,retail,Recreational Goods,74.87,79.907,79.592,84.567,4.0,5.63,0.09
2016-11-01,retail,Recreational Goods,74.059,75.445,78.293,80.013,0.18,1.35,0.022
2016-12-01,retail,Recreational Goods,107.578,79.206,110.992,82.646,4.2,3.21,0.063
2017-01-01,retail,Recreational Goods,79.188,79.824,82.352,83.111,-0.2,-1.26,-0.02
2017-02-01,retail,Recreational Goods,72.897,82.051,75.807,85.443,2.81,2.58,0.043
2017-03-01,retail,Recreational Goods,82.094,81.034,85.128,84.322,7.6,6.86,0.113
2017-04-01,retail,Recreational Goods,77.304,82.0,80.718,84.985,4.01,0.4,0.007
2017-05-01,retail,Recreational Goods,77.51,79.661,81.113,83.074,-2.19,-3.41,-0.059
2017-06-01,retail,Recreational Goods,75.199,77.024,77.455,80.146,6.2,3.8,0.059
2017-07-01,retail,Recreational Goods,79.541,80.399,83.09,83.494,2.46,0.44,0.008
2017-08-01,retail,Recreational Goods,78.252,78.774,82.849,81.963,5.5,5.43,0.09
2017-09-01,retail,Recreational Goods,76.14,81.237,79.163,84.712,3.15,2.16,0.037
2017-10-01,retail,Recreational Goods,76.063,81.108,80.1,84.996,1.59,0.64,0.011
2017-11-01,retail,Recreational Goods,82.145,81.718,85.908,85.789,10.92,9.73,0.16
2017-12-01,retail,Recreational Goods,113.856,82.699,118.32,86.748,5.84,6.6,0.133
2018-01-01,retail,Recreational Goods,73.749,74.911,77.953,79.369,-6.87,-5.34,-0.08
2018-02-01,retail,Recreational Goods,70.171,80.156,73.913,84.481,-3.74,-2.5,-0.044
2018-03-01,retail,Recreational Goods,83.586,81.962,87.046,85.725,1.82,2.25,0.039
2018-04-01,retail,Recreational Goods,76.119,80.654,79.861,84.274,-1.53,-1.06,-0.019
2018-05-01,retail,Recreational Goods,77.217,80.395,79.971,83.151,-0.38,-1.41,-0.023
2018-06-01,retail,Recreational Goods,81.739,84.307,83.842,87.305,8.7,8.25,0.131
2018-07-01,retail,Recreational Goods,81.204,82.662,85.165,86.191,2.09,2.5,0.043
2018-08-01,retail,Recreational Goods,83.163,84.118,87.017,86.312,6.28,5.03,0.086
2018-09-01,retail,Recreational Goods,78.07,83.557,81.24,87.077,2.53,2.62,0.045
2018-10-01,retail,Recreational Goods,75.379,80.455,78.236,83.124,-0.9,-2.33,-0.039
2018-11-01,retail,Recreational Goods,83.592,81.136,85.915,83.763,1.76,0.01,0.0
2018-12-01,retail,Recreational Goods,109.005,77.9,111.402,80.083,-4.26,-5.85,-0.118
2019-01-01,retail,Recreational Goods,76.724,78.178,79.771,81.6,4.03,2.33,0.036
2019-02-01,retail,Recreational Goods,67.957,78.739,70.616,81.829,-3.16,-4.46,-0.07
2019-03-01,retail,Recreational Goods,83.449,81.599,86.306,84.772,-0.16,-0.85,-0.015
2019-04-01,retail,Recreational Goods,75.65,80.283,78.946,83.757,-0.62,-1.15,-0.02
2019-05-01,retail,Recreational Goods,76.774,81.014,80.353,84.911,-0.57,0.48,0.008
2019-06-01,retail,Recreational Goods,77.778,80.509,81.192,84.788,-4.85,-3.16,-0.054
2019-07-01,retail,Recreational Goods,78.093,80.24,81.826,83.575,-3.83,-3.92,-0.071
2019-08-01,retail,Recreational Goods,82.798,83.906,85.242,84.719,-0.44,-2.04,-0.037
2019-09-01,retail,Recreational Goods,73.475,79.09,75.339,80.924,-5.89,-7.26,-0.127
2019-10-01,retail,Recreational Goods,73.378,78.211,76.159,80.812,-2.65,-2.65,-0.043
2019-11-01,retail,Recreational Goods,82.508,78.353,85.021,81.164,-1.3,-1.04,-0.018
2019-12-01,retail,Recreational Goods,111.879,78.95,113.763,80.516,2.64,2.12,0.043
2020-01-01,retail,Recreational Goods,77.042,78.723,78.432,80.587,0.41,-1.68,-0.025
2020-02-01,retail,Recreational Goods,62.731,73.364,63.667,74.468,-7.69,-9.84,-0.163
2020-03-01,retail,Recreational Goods,68.39,66.819,69.796,68.471,-18.05,-19.13,-0.339
2020-04-01,retail,Recreational Goods,29.18,31.009,29.721,31.688,-61.43,-62.35,-1.085
2020-05-01,retail,Recreational Goods,22.919,24.428,23.397,25.018,-70.15,-70.88,-1.186
2020-06-01,retail,Recreational Goods,50.263,52.241,50.688,53.107,-35.38,-37.57,-0.675
2020-07-01,retail,Recreational Goods,85.721,88.69,84.987,87.43,9.77,3.86,0.068
2020-08-01,retail,Recreational Goods,87.064,88.24,88.311,87.762,5.15,3.6,0.066
2020-09-01,retail,Recreational Goods,79.681,86.414,80.925,87.402,8.45,7.41,0.123
2020-10-01,retail,Recreational Goods,83.058,88.557,83.659,88.809,13.19,9.85,0.163
2020-11-01,retail,Recreational Goods,95.425,89.293,95.475,89.86,15.66,12.3,0.223
2020-12-01,retail,Recreational Goods,124.407,86.745,126.464,88.212,11.2,11.16,0.238
2021-01-01,retail,Recreational Goods,86.008,87.811,84.68,87.027,11.64,7.97,0.123
2021-02-01,retail,Recreational Goods,74.567,87.623,74.208,87.268,18.87,16.56,0.27
2021-03-01,retail,Recreational Goods,90.015,88.287,89.071,87.695,31.62,27.62,0.458
2021-04-01,retail,Recreational Goods,83.401,88.797,81.717,87.439,185.82,174.95,1.909
2021-05-01,retail,Recreational Goods,74.431,79.81,73.012,78.632,224.76,212.06,2.136
2021-06-01,retail,Recreational Goods,80.774,84.119,77.621,81.505,60.7,53.13,0.824
2021-07-01,retail,Recreational Goods,82.253,85.485,80.519,83.211,-4.05,-5.26,-0.105
2021-08-01,retail,Recreational Goods,84.428,85.643,83.027,82.633,-3.03,-5.98,-0.121
2021-09-01,retail,Recreational Goods,79.118,86.258,77.148,83.603,-0.71,-4.67,-0.093
2021-10-01,retail,Recreational Goods,82.171,87.447,79.408,84.131,-1.07,-5.08,-0.101
2021-11-01,retail,Recreational Goods,97.348,90.446,91.783,85.809,2.02,-3.87,-0.08
2021-12-01,retail,Recreational Goods,132.868,92.041,127.051,87.871,6.8,0.46,0.011
2022-01-01,retail,Recreational Goods,91.617,93.477,88.749,91.244,6.52,4.81,0.085
2022-02-01,retail,Recreational Goods,76.386,89.894,72.865,85.865,2.44,-1.81,-0.033
2022-03-01,retail,Recreational Goods,90.083,88.561,87.503,86.338,0.08,-1.76,-0.035
2022-04-01,retail,Recreational Goods,89.902,95.729,88.284,94.577,7.79,8.04,0.156
2022-05-01,retail,Recreational Goods,101.142,108.691,99.141,107.041,35.89,35.79,0.622
2022-06-01,retail,Recreational Goods,101.468,105.94,98.715,103.924,25.62,27.18,0.509
2022-07-01,retail,Recreational Goods,95.577,99.486,97.176,100.601,16.2,20.69,0.39
2022-08-01,retail,Recreational Goods,91.459,92.882,92.961,92.663,8.33,11.96,0.233
2022-09-01,retail,Recreational Goods,90.838,99.346,91.19,99.022,14.81,18.2,0.323
2022-10-01,retail,Recreational Goods,95.764,101.763,97.762,103.418,16.54,23.11,0.404
2022-11-01,retail,Recreational Goods,106.431,98.546,107.368,100.082,9.33,16.98,0.329
2022-12-01,retail,Recreational Goods,139.155,96.04,137.056,94.315,4.73,7.87,0.182
2023-01-01,retail,Recreational Goods,96.383,97.635,97.666,98.942,5.2,10.05,0.167
2023-02-01,retail,Recreational Goods,79.404,94.979,81.807,97.938,3.95,12.27,0.224
2023-03-01,retail,Recreational Goods,87.704,87.956,89.582,92.189,-2.64,2.38,0.043
2023-04-01,retail,Recreational Goods,87.614,95.543,89.672,97.951,-2.54,1.57,0.029
2023-05-01,retail,Recreational Goods,89.291,94.816,91.392,96.122,-11.72,-7.82,-0.156
2023-06-01,retail,Recreational Goods,96.387,97.377,98.847,98.89,-5.01,0.13,0.003
2023-07-01,retail,Recreational Goods,92.639,97.067,93.632,96.591,-3.07,-3.65,-0.072
2023-08-01,retail,Recreational Goods,95.59,94.079,95.608,93.275,4.52,2.85,0.055
2023-09-01,retail,Recreational Goods,88.024,93.943,88.428,94.757,-3.1,-3.03,-0.057
2023-10-01,retail,Recreational Goods,88.129,90.56,89.376,91.76,-7.97,-8.58,-0.166
2023-11-01,retail,Recreational Goods,94.881,88.315,95.756,89.748,-10.85,-10.82,-0.229
2023-12-01,retail,Recreational Goods,120.736,87.737,121.061,88.442,-13.24,-11.67,-0.269
2024-01-01,retail,Recreational Goods,90.08,91.464,92.297,93.639,-6.54,-5.5,-0.102
2024-02-01,retail,Recreational Goods,85.38,101.578,87.018,103.458,7.53,6.37,0.116
2024-03-01,retail,Recreational Goods,94.088,94.589,93.141,95.85,7.28,3.97,0.07
2024-04-01,retail,Recreational Goods,82.904,90.923,82.674,90.904,-5.38,-7.8,-0.143
2024-05-01,retail,Recreational Goods,86.781,92.117,88.506,93.149,-2.81,-3.16,-0.057
2024-06-01,retail,Recreational Goods,90.498,91.573,91.446,91.583,-6.11,-7.49,-0.153
2024-07-01,retail,Recreational Goods,85.101,89.472,87.847,90.995,-8.14,-6.18,-0.117
2024-08-01,retail,Recreational Goods,94.467,92.396,95.025,92.285,-1.17,-0.61,-0.012
2024-09-01,retail,Recreational Goods,86.11,90.973,85.855,91.002,-2.17,-2.91,-0.053
2024-10-01,retail,Recreational Goods,91.439,93.129,90.822,92.25,3.76,1.62,0.029
2024-11-01,retail,Recreational Goods,99.353,92.763,98.581,92.69,4.71,2.95,0.055
2024-12-01,retail,Recreational Goods,121.389,89.008,120.715,89.134,0.54,-0.29,-0.006
2025-01-01,retail,Recreational Goods,89.468,90.945,89.146,90.518,-0.68,-3.41,-0.059
2025-02-01,retail,Recreational Goods,78.25,92.641,77.897,92.173,-8.35,-10.48,-0.188
2025-03-01,retail,Recreational Goods,92.238,92.858,92.122,94.561,-1.97,-1.09,-0.019
2025-04-01,retail,Recreational Goods,84.513,93.167,83.796,92.743,1.94,1.36,0.023
2025-05-01,retail,Recreational Goods,90.356,95.792,90.821,95.525,4.12,2.62,0.045
2025-06-01,retail,Recreational Goods,92.973,94.239,93.923,95.517,2.73,2.71,0.052
2025-07-01,retail,Recreational Goods,90.988,96.022,92.009,96.938,6.92,4.74,0.083
2025-08-01,retail,Recreational Goods,107.861,105.081,108.566,106.422,14.18,14.25,0.266
2025-09-01,retail,Recreational Goods,101.586,106.674,102.371,107.535,17.97,19.24,0.332
2025-10-01,retail,Recreational Goods,111.578,112.799,112.069,108.95,22.02,23.39,0.411
2025-11-01,retail,Recreational Goods,114.929,107.392,113.643,106.877,15.68,15.28,0.291
2025-12-01,retail,Recreational Goods,145.261,107.187,143.637,106.739,19.67,18.99,0.397
2026-01-01,retail,Recreational Goods,103.089,104.975,104.98,106.834,15.22,17.76,0.283
2026-02-01,retail,Recreational Goods,93.337,110.117,94.577,111.528,19.28,21.41,0.355
2026-03-01,retail,Recreational Goods,97.521,98.053,99.503,101.705,5.73,8.01,0.137
2026-04-01,retail,Recreational Goods,95.451,105.463,97.713,108.586,12.94,16.61,0.285
2026-05-01,retail,Recreational Goods,111.625,118.263,114.339,120.274,23.54,25.89,0.45
2026-06-01,retail,Recreational Goods,98.549,100.27,101.04,103.109,6.0,7.58,0.145
2026-07-01,retail,Recreational Goods,103.796,109.827,104.814,110.851,14.08,13.92,0.243
2016-01-01,retail,Supermarkets & Hypermarkets,97.516,84.1,85.841,73.706,8.75,10.15,1.349
2016-02-01,retail,Supermarkets & Hypermarkets,86.306,85.061,76.418,74.905,-8.09,-6.93,-1.052
2016-03-01,retail,Supermarkets & Hypermarkets,81.981,84.542,72.644,74.795,-0.51,1.28,0.168
2016-04-01,retail,Supermarkets & Hypermarkets,81.732,84.783,72.508,74.897,1.08,3.15,0.426
2016-05-01,retail,Supermarkets & Hypermarkets,86.275,84.688,76.209,74.745,-1.98,-0.32,-0.044
2016-06-01,retail,Supermarkets & Hypermarkets,79.426,83.861,69.984,74.185,-3.01,-1.11,-0.139
2016-07-01,retail,Supermarkets & Hypermarkets,85.938,85.243,75.669,75.144,0.56,2.25,0.3
2016-08-01,retail,Supermarkets & Hypermarkets,86.461,83.733,76.023,73.889,-4.73,-3.52,-0.492
2016-09-01,retail,Supermarkets & Hypermarkets,78.746,83.419,69.538,73.768,-4.32,-2.89,-0.387
2016-10-01,retail,Supermarkets & Hypermarkets,84.567,84.643,74.564,74.674,-0.5,0.78,0.103
2016-11-01,retail,Supermarkets & Hypermarkets,78.493,83.291,69.394,73.79,-4.6,-2.94,-0.375
2016-12-01,retail,Supermarkets & Hypermarkets,86.185,84.107,76.04,74.418,-1.67,-0.22,-0.026
2017-01-01,retail,Supermarkets & Hypermarkets,110.054,86.481,97.605,76.187,12.86,13.7,1.859
2017-02-01,retail,Supermarkets & Hypermarkets,76.949,86.06,68.264,76.184,-10.84,-10.67,-1.545
2017-03-01,retail,Supermarkets & Hypermarkets,83.893,86.545,74.38,76.621,2.33,2.39,0.302
2017-04-01,retail,Supermarkets & Hypermarkets,84.76,87.565,75.379,77.682,3.7,3.96,0.534
2017-05-01,retail,Supermarkets & Hypermarkets,87.654,86.665,77.911,76.994,1.6,2.23,0.294
2017-06-01,retail,Supermarkets & Hypermarkets,83.606,87.45,74.14,77.741,5.26,5.94,0.729
2017-07-01,retail,Supermarkets & Hypermarkets,87.44,87.453,77.851,77.928,1.75,2.88,0.382
2017-08-01,retail,Supermarkets & Hypermarkets,89.263,87.27,79.176,77.773,3.24,4.15,0.563
2017-09-01,retail,Supermarkets & Hypermarkets,83.507,87.181,74.352,77.616,6.05,6.92,0.883
2017-10-01,retail,Supermarkets & Hypermarkets,86.04,86.636,76.771,77.31,1.74,2.96,0.388
2017-11-01,retail,Supermarkets & Hypermarkets,81.129,87.098,72.285,77.795,3.36,4.17,0.512
2017-12-01,retail,Supermarkets & Hypermarkets,89.315,86.125,79.498,76.82,3.63,4.55,0.527
2018-01-01,retail,Supermarkets & Hypermarkets,91.504,87.415,81.913,78.299,-16.86,-16.08,-2.41
2018-02-01,retail,Supermarkets & Hypermarkets,94.73,86.082,85.111,76.86,23.11,24.68,3.262
2018-03-01,retail,Supermarkets & Hypermarkets,82.678,85.871,74.383,76.948,-1.45,0.0,0.001
2018-04-01,retail,Supermarkets & Hypermarkets,81.464,84.419,73.233,75.795,-3.89,-2.85,-0.397
2018-05-01,retail,Supermarkets & Hypermarkets,85.665,85.55,77.057,76.947,-2.27,-1.1,-0.147
2018-06-01,retail,Supermarkets & Hypermarkets,81.073,83.44,73.084,75.341,-3.03,-1.42,-0.183
2018-07-01,retail,Supermarkets & Hypermarkets,83.18,83.779,75.182,75.741,-4.87,-3.43,-0.463
2018-08-01,retail,Supermarkets & Hypermarkets,86.833,85.012,78.366,77.203,-2.72,-1.02,-0.14
2018-09-01,retail,Supermarkets & Hypermarkets,81.394,84.824,73.621,76.689,-2.53,-0.98,-0.135
2018-10-01,retail,Supermarkets & Hypermarkets,82.366,83.521,74.556,75.58,-4.27,-2.89,-0.388
2018-11-01,retail,Supermarkets & Hypermarkets,78.764,84.228,71.254,76.285,-2.92,-1.43,-0.173
2018-12-01,retail,Supermarkets & Hypermarkets,87.266,84.212,78.954,76.266,-2.29,-0.68,-0.078
2019-01-01,retail,Supermarkets & Hypermarkets,99.186,83.366,90.153,75.58,8.4,10.06,1.368
2019-02-01,retail,Supermarkets & Hypermarkets,81.509,86.077,74.178,78.083,-13.96,-12.85,-1.95
2019-03-01,retail,Supermarkets & Hypermarkets,82.986,83.868,75.424,76.083,0.37,1.4,0.179
2019-04-01,retail,Supermarkets & Hypermarkets,79.962,82.911,72.621,75.196,-1.84,-0.84,-0.112
2019-05-01,retail,Supermarkets & Hypermarkets,85.435,84.354,77.652,76.655,-0.27,0.77,0.103
2019-06-01,retail,Supermarkets & Hypermarkets,79.805,82.627,72.588,75.336,-1.56,-0.68,-0.084
2019-07-01,retail,Supermarkets & Hypermarkets,83.712,85.108,76.13,77.415,0.64,1.26,0.169
2019-08-01,retail,Supermarkets & Hypermarkets,87.842,85.514,79.985,78.361,1.16,2.07,0.282
2019-09-01,retail,Supermarkets & Hypermarkets,81.841,85.951,74.665,78.365,0.55,1.42,0.189
2019-10-01,retail,Supermarkets & Hypermarkets,83.126,84.868,75.983,77.542,0.92,1.91,0.249
2019-11-01,retail,Supermarkets & Hypermarkets,79.828,84.078,72.909,76.783,1.35,2.32,0.284
2019-12-01,retail,Supermarkets & Hypermarkets,87.898,85.17,80.326,77.808,0.72,1.74,0.209
2020-01-01,retail,Supermarkets & Hypermarkets,108.068,86.176,98.584,78.348,8.95,9.35,1.299
2020-02-01,retail,Supermarkets & Hypermarkets,93.792,100.232,85.809,91.532,15.07,15.68,2.294
2020-03-01,retail,Supermarkets & Hypermarkets,112.61,114.562,103.004,104.633,35.7,36.57,4.766
2020-04-01,retail,Supermarkets & Hypermarkets,138.795,145.471,127.392,133.618,73.58,75.42,10.169
2020-05-01,retail,Supermarkets & Hypermarkets,131.956,127.011,121.162,116.445,54.45,56.03,7.629
2020-06-01,retail,Supermarkets & Hypermarkets,113.127,118.287,104.136,109.127,41.75,43.46,5.88
2020-07-01,retail,Supermarkets & Hypermarkets,106.54,109.309,97.84,100.494,27.27,28.52,3.919
2020-08-01,retail,Supermarkets & Hypermarkets,106.437,102.765,97.475,94.8,21.17,21.87,3.182
2020-09-01,retail,Supermarkets & Hypermarkets,97.458,103.361,89.501,94.806,19.08,19.87,2.749
2020-10-01,retail,Supermarkets & Hypermarkets,101.684,102.6,93.136,93.824,22.33,22.57,3.132
2020-11-01,retail,Supermarkets & Hypermarkets,98.483,103.839,90.031,94.975,23.37,23.48,3.075
2020-12-01,retail,Supermarkets & Hypermarkets,110.15,108.487,100.767,99.181,25.32,25.45,3.228
2021-01-01,retail,Supermarkets & Hypermarkets,113.771,103.044,104.309,94.537,5.28,5.81,0.947
2021-02-01,retail,Supermarkets & Hypermarkets,106.008,100.94,97.46,92.317,13.02,13.58,2.509
2021-03-01,retail,Supermarkets & Hypermarkets,96.831,100.11,88.864,91.699,-14.01,-13.73,-2.829
2021-04-01,retail,Supermarkets & Hypermarkets,96.87,100.565,88.744,92.147,-30.21,-30.34,-11.951
2021-05-01,retail,Supermarkets & Hypermarkets,117.024,113.089,107.353,103.613,-11.32,-11.4,-5.007
2021-06-01,retail,Supermarkets & Hypermarkets,108.768,113.844,99.168,104.096,-3.85,-4.77,-1.279
2021-07-01,retail,Supermarkets & Hypermarkets,111.09,112.914,101.593,103.296,4.27,3.84,0.742
2021-08-01,retail,Supermarkets & Hypermarkets,111.333,108.43,101.975,100.077,4.6,4.62,0.868
2021-09-01,retail,Supermarkets & Hypermarkets,101.643,109.082,93.525,100.301,4.29,4.5,0.834
2021-10-01,retail,Supermarkets & Hypermarkets,111.356,110.679,102.73,101.939,9.51,10.3,1.914
2021-11-01,retail,Supermarkets & Hypermarkets,103.947,109.861,95.792,101.192,5.55,6.4,1.049
2021-12-01,retail,Supermarkets & Hypermarkets,110.171,108.422,101.835,100.13,0.02,1.06,0.174
2022-01-01,retail,Supermarkets & Hypermarkets,132.951,103.991,123.633,96.317,16.86,18.53,3.417
2022-02-01,retail,Supermarkets & Hypermarkets,93.365,103.86,86.694,96.309,-11.93,-11.05,-2.198
2022-03-01,retail,Supermarkets & Hypermarkets,103.497,107.238,96.687,100.126,6.88,8.8,1.472
2022-04-01,retail,Supermarkets & Hypermarkets,98.713,99.618,93.031,93.795,1.9,4.83,0.859
2022-05-01,retail,Supermarkets & Hypermarkets,101.575,99.969,96.056,94.465,-13.2,-10.52,-2.264
2022-06-01,retail,Supermarkets & Hypermarkets,91.895,96.872,87.413,92.487,-15.51,-11.85,-2.389
2022-07-01,retail,Supermarkets & Hypermarkets,100.778,101.118,96.294,96.667,-9.28,-5.22,-1.044
2022-08-01,retail,Supermarkets & Hypermarkets,100.276,98.634,96.11,95.322,-9.93,-5.75,-1.16
2022-09-01,retail,Supermarkets & Hypermarkets,93.617,100.203,90.256,96.45,-7.9,-3.5,-0.634
2022-10-01,retail,Supermarkets & Hypermarkets,99.559,98.869,95.967,95.145,-10.59,-6.58,-1.253
2022-11-01,retail,Supermarkets & Hypermarkets,93.907,99.567,90.654,96.13,-9.66,-5.36,-0.914
2022-12-01,retail,Supermarkets & Hypermarkets,102.665,100.098,99.505,96.799,-6.81,-2.29,-0.356
2023-01-01,retail,Supermarkets & Hypermarkets,122.544,97.101,119.997,94.779,-7.83,-2.94,-0.572
2023-02-01,retail,Supermarkets & Hypermarkets,85.333,95.582,83.635,93.697,-8.6,-3.53,-0.647
2023-03-01,retail,Supermarkets & Hypermarkets,93.783,96.776,92.438,95.337,-9.39,-4.39,-0.733
2023-04-01,retail,Supermarkets & Hypermarkets,94.708,96.704,93.546,95.316,-4.06,0.55,0.092
2023-05-01,retail,Supermarkets & Hypermarkets,94.852,95.478,94.011,94.387,-6.62,-2.13,-0.347
2023-06-01,retail,Supermarkets & Hypermarkets,89.632,96.092,88.461,94.871,-2.46,1.2,0.185
2023-07-01,retail,Supermarkets & Hypermarkets,95.207,94.81,94.156,93.827,-5.53,-2.22,-0.368
2023-08-01,retail,Supermarkets & Hypermarkets,98.006,95.775,97.147,95.065,-2.26,1.08,0.181
2023-09-01,retail,Supermarkets & Hypermarkets,92.336,95.755,91.287,94.614,-1.37,1.14,0.179
2023-10-01,retail,Supermarkets & Hypermarkets,93.751,93.48,92.904,92.677,-5.83,-3.19,-0.512
2023-11-01,retail,Supermarkets & Hypermarkets,89.594,94.352,88.839,93.891,-4.59,-2.0,-0.302
2023-12-01,retail,Supermarkets & Hypermarkets,97.49,93.544,96.525,92.933,-5.04,-2.99,-0.422
2024-01-01,retail,Supermarkets & Hypermarkets,113.472,101.925,112.696,101.28,-7.4,-6.08,-1.163
2024-02-01,retail,Supermarkets & Hypermarkets,99.782,96.558,99.772,96.11,16.93,19.29,3.033
2024-03-01,retail,Supermarkets & Hypermarkets,94.565,95.226,93.995,94.497,0.83,1.68,0.257
2024-04-01,retail,Supermarkets & Hypermarkets,91.639,95.174,91.223,94.498,-3.24,-2.48,-0.4
2024-05-01,retail,Supermarkets & Hypermarkets,93.843,95.062,93.633,94.621,-1.06,-0.4,-0.063
2024-06-01,retail,Supermarkets & Hypermarkets,91.093,96.082,90.134,95.259,1.63,1.89,0.292
2024-07-01,retail,Supermarkets & Hypermarkets,96.692,97.293,95.958,96.655,1.56,1.91,0.306
2024-08-01,retail,Supermarkets & Hypermarkets,100.37,96.847,99.688,96.326,2.41,2.62,0.424
2024-09-01,retail,Supermarkets & Hypermarkets,93.283,96.931,93.1,96.757,1.03,1.99,0.313
2024-10-01,retail,Supermarkets & Hypermarkets,96.017,97.208,95.847,97.033,2.42,3.17,0.494
2024-11-01,retail,Supermarkets & Hypermarkets,91.436,94.583,90.898,94.294,2.06,2.32,0.335
2024-12-01,retail,Supermarkets & Hypermarkets,97.609,94.702,97.33,94.76,0.12,0.83,0.114
2025-01-01,retail,Supermarkets & Hypermarkets,123.428,98.435,123.757,98.392,8.77,9.81,1.737
2025-02-01,retail,Supermarkets & Hypermarkets,85.096,96.169,85.525,96.475,-14.72,-14.28,-2.47
2025-03-01,retail,Supermarkets & Hypermarkets,96.98,96.626,97.195,96.649,2.55,3.4,0.514
2025-04-01,retail,Supermarkets & Hypermarkets,91.307,96.324,91.679,96.501,-0.36,0.5,0.079
2025-05-01,retail,Supermarkets & Hypermarkets,100.326,100.466,100.048,99.911,6.91,6.85,1.044
2025-06-01,retail,Supermarkets & Hypermarkets,91.182,96.822,90.785,96.741,0.1,0.72,0.114
2025-07-01,retail,Supermarkets & Hypermarkets,109.45,110.643,109.114,110.446,13.19,13.71,2.211
2025-08-01,retail,Supermarkets & Hypermarkets,108.259,103.308,107.87,103.109,7.86,8.21,1.356
2025-09-01,retail,Supermarkets & Hypermarkets,97.472,101.218,97.512,101.252,4.49,4.74,0.747
2025-10-01,retail,Supermarkets & Hypermarkets,98.389,99.808,98.821,100.205,2.47,3.1,0.484
2025-11-01,retail,Supermarkets & Hypermarkets,96.955,100.134,96.75,100.216,6.04,6.44,0.954
2025-12-01,retail,Supermarkets & Hypermarkets,101.157,99.202,100.942,99.35,3.63,3.71,0.526
2026-01-01,retail,Supermarkets & Hypermarkets,110.612,105.74,111.578,106.872,-10.38,-9.84,-1.831
2026-02-01,retail,Supermarkets & Hypermarkets,108.446,99.303,110.332,100.433,27.44,29.01,4.442
2026-03-01,retail,Supermarkets & Hypermarkets,97.859,99.672,99.945,101.4,0.91,2.83,0.43
2026-04-01,retail,Supermarkets & Hypermarkets,94.739,100.811,96.959,102.968,3.76,5.76,0.91
2026-05-01,retail,Supermarkets & Hypermarkets,99.124,98.309,101.321,100.212,-1.2,1.27,0.205
2026-06-01,retail,Supermarkets & Hypermarkets,95.086,101.022,97.359,103.823,4.28,7.24,1.125
2026-07-01,retail,Supermarkets & Hypermarkets,104.159,105.399,106.798,108.25,-4.83,-2.12,-0.37
2016-01-01,retail,Total,113.515,101.704,101.235,91.446,7.54,7.9,
2016-02-01,retail,Total,94.581,102.979,84.416,91.586,-3.05,-2.5,
2016-03-01,retail,Total,102.29,102.063,92.062,91.131,4.91,5.34,
2016-04-01,retail,Total,94.947,101.859,86.01,91.192,2.31,3.35,
2016-05-01,retail,Total,102.985,103.397,92.477,92.464,2.61,3.12,
2016-06-01,retail,Total,101.229,102.09,91.166,91.057,-0.1,1.54,
2016-07-01,retail,Total,101.76,103.76,91.374,92.54,2.3,2.88,
2016-08-01,retail,Total,100.539,102.373,89.602,91.345,-0.76,-0.52,
2016-09-01,retail,Total,96.692,101.814,87.194,92.139,1.02,1.88,
2016-10-01,retail,Total,101.74,103.469,91.112,92.78,1.22,2.0,
2016-11-01,retail,Total,100.382,100.945,90.333,91.834,-0.08,0.72,
2016-12-01,retail,Total,117.823,101.877,104.977,91.642,0.14,0.66,
2017-01-01,retail,Total,117.527,103.774,104.17,92.539,3.53,2.9,
2017-02-01,retail,Total,91.057,101.012,82.64,92.223,-3.73,-2.1,
2017-03-01,retail,Total,104.685,104.231,93.956,92.744,2.34,2.06,
2017-04-01,retail,Total,95.636,102.517,86.564,92.198,0.73,0.64,
2017-05-01,retail,Total,103.043,103.443,92.656,92.74,0.06,0.19,
2017-06-01,retail,Total,103.135,104.428,92.49,92.882,1.88,1.45,
2017-07-01,retail,Total,102.44,104.5,92.297,94.356,0.67,1.01,
2017-08-01,retail,Total,102.475,104.183,92.267,94.282,1.93,2.97,
2017-09-01,retail,Total,94.801,99.783,86.734,91.32,-1.96,-0.53,
2017-10-01,retail,Total,99.387,101.171,91.299,93.302,-2.31,0.21,
2017-11-01,retail,Total,103.88,103.829,95.108,95.562,3.48,5.29,
2017-12-01,retail,Total,123.222,106.668,111.626,97.148,4.58,6.33,
2018-01-01,retail,Total,106.474,100.968,96.405,91.701,-9.4,-7.45,
2018-02-01,retail,Total,100.196,103.885,89.704,92.361,10.04,8.55,
2018-03-01,retail,Total,102.549,101.785,92.999,92.814,-2.04,-1.02,
2018-04-01,retail,Total,96.419,102.957,87.537,93.196,0.82,1.12,
2018-05-01,retail,Total,102.662,103.262,92.777,93.42,-0.37,0.13,
2018-06-01,retail,Total,104.872,106.827,94.053,94.393,1.68,1.69,
2018-07-01,retail,Total,99.454,101.672,89.953,92.114,-2.91,-2.54,
2018-08-01,retail,Total,101.644,103.407,91.855,93.519,-0.81,-0.45,
2018-09-01,retail,Total,97.041,101.991,88.243,93.138,2.36,1.74,
2018-10-01,retail,Total,100.025,102.11,91.622,93.34,0.64,0.35,
2018-11-01,retail,Total,102.643,101.977,93.206,92.908,-1.19,-2.0,
2018-12-01,retail,Total,117.13,101.025,104.996,90.851,-4.94,-5.94,
2019-01-01,retail,Total,115.906,101.51,103.826,92.027,8.86,7.7,
2019-02-01,retail,Total,90.024,101.192,81.109,90.591,-10.15,-9.58,
2019-03-01,retail,Total,103.097,102.146,92.598,91.995,0.53,-0.43,
2019-04-01,retail,Total,95.326,101.427,86.174,91.638,-1.13,-1.56,
2019-05-01,retail,Total,100.43,101.347,91.257,90.987,-2.17,-1.64,
2019-06-01,retail,Total,95.237,97.679,85.844,88.482,-9.19,-8.73,
2019-07-01,retail,Total,97.762,100.272,88.633,90.675,-1.7,-1.47,
2019-08-01,retail,Total,97.596,99.491,87.947,89.333,-3.98,-4.25,
2019-09-01,retail,Total,94.64,99.366,86.344,90.91,-2.47,-2.15,
2019-10-01,retail,Total,95.434,97.516,87.625,89.419,-4.59,-4.36,
2019-11-01,retail,Total,97.083,95.997,89.093,87.783,-5.42,-4.41,
2019-12-01,retail,Total,111.901,95.967,101.308,87.205,-4.46,-3.51,
2020-01-01,retail,Total,107.788,98.118,96.762,87.223,-7.0,-6.8,
2020-02-01,retail,Total,79.684,86.184,74.288,80.25,-11.49,-8.41,
2020-03-01,retail,Total,86.152,85.275,79.975,79.8,-16.44,-13.63,
2020-04-01,retail,Total,55.435,58.818,51.74,54.776,-41.85,-39.96,
2020-05-01,retail,Total,47.826,48.446,44.127,44.019,-52.38,-51.65,
2020-06-01,retail,Total,67.32,69.458,62.135,64.754,-29.31,-27.62,
2020-07-01,retail,Total,87.805,90.306,80.94,82.933,-10.18,-8.68,
2020-08-01,retail,Total,90.559,92.595,82.945,84.546,-7.21,-5.69,
2020-09-01,retail,Total,84.323,88.456,77.22,81.299,-10.9,-10.57,
2020-10-01,retail,Total,87.143,89.031,80.185,81.38,-8.69,-8.49,
2020-11-01,retail,Total,95.438,94.065,87.855,86.209,-1.69,-1.39,
2020-12-01,retail,Total,105.818,90.206,98.056,85.244,-5.44,-3.21,
2021-01-01,retail,Total,99.081,91.598,90.484,84.289,-8.08,-6.49,
2021-02-01,retail,Total,86.027,91.523,78.385,83.281,7.96,5.52,
2021-03-01,retail,Total,92.088,91.206,85.011,84.993,6.89,6.3,
2021-04-01,retail,Total,86.701,91.89,79.896,84.598,56.4,54.42,
2021-05-01,retail,Total,85.865,87.257,79.837,79.694,79.54,80.93,
2021-06-01,retail,Total,85.638,88.684,78.719,81.828,27.21,26.69,
2021-07-01,retail,Total,87.945,90.607,81.206,83.038,0.16,0.33,
2021-08-01,retail,Total,88.131,90.297,80.901,82.723,-2.68,-2.46,
2021-09-01,retail,Total,88.327,92.667,82.533,86.779,4.75,6.88,
2021-10-01,retail,Total,91.531,93.473,86.359,87.033,5.04,7.7,
2021-11-01,retail,Total,96.31,94.784,89.92,88.196,0.91,2.35,
2021-12-01,retail,Total,112.99,95.872,104.675,90.056,6.78,6.75,
2022-01-01,retail,Total,109.534,92.786,101.626,87.72,10.55,12.31,
2022-02-01,retail,Total,80.744,93.678,75.698,86.811,-6.14,-3.43,
2022-03-01,retail,Total,96.311,95.375,92.709,93.303,4.59,9.06,
2022-04-01,retail,Total,93.065,98.633,89.713,94.078,7.34,12.29,
2022-05-01,retail,Total,98.353,100.171,94.386,95.901,14.54,18.22,
2022-06-01,retail,Total,94.205,97.761,90.696,94.761,10.0,15.21,
2022-07-01,retail,Total,96.338,99.288,92.92,94.982,9.54,14.43,
2022-08-01,retail,Total,95.224,97.639,91.813,93.981,8.05,13.49,
2022-09-01,retail,Total,93.133,97.699,91.953,97.16,5.44,11.41,
2022-10-01,retail,Total,97.148,99.243,95.739,97.12,6.14,10.86,
2022-11-01,retail,Total,98.941,97.26,96.144,94.187,2.73,6.92,
2022-12-01,retail,Total,116.949,98.926,113.03,95.869,3.5,7.98,
2023-01-01,retail,Total,102.758,97.076,100.474,93.603,-6.19,-1.13,
2023-02-01,retail,Total,86.916,94.953,85.133,93.652,7.64,12.46,
2023-03-01,retail,Total,99.263,97.209,96.787,96.229,3.07,4.4,
2023-04-01,retail,Total,94.724,99.866,92.965,97.254,1.78,3.62,
2023-05-01,retail,Total,98.357,98.866,95.993,95.887,0.0,1.7,
2023-06-01,retail,Total,93.82,98.931,91.616,96.476,-0.41,1.01,
2023-07-01,retail,Total,96.765,98.709,94.249,96.299,0.44,1.43,
2023-08-01,retail,Total,98.664,99.705,95.788,96.945,3.61,4.33,
2023-09-01,retail,Total,94.216,97.409,92.616,96.059,1.16,0.72,
2023-10-01,retail,Total,97.059,96.907,95.344,95.421,-0.09,-0.41,
2023-11-01,retail,Total,99.44,97.328,98.255,96.784,0.5,2.2,
2023-12-01,retail,Total,113.448,98.009,112.661,97.684,-2.99,-0.33,
2024-01-01,retail,Total,103.107,98.512,101.871,96.882,0.34,1.39,
2024-02-01,retail,Total,94.01,102.456,92.271,98.785,8.16,8.38,
2024-03-01,retail,Total,101.751,99.354,99.608,97.973,2.51,2.91,
2024-04-01,retail,Total,92.245,97.545,92.012,96.67,-2.62,-1.03,
2024-05-01,retail,Total,98.729,99.145,98.297,97.966,0.38,2.4,
2024-06-01,retail,Total,93.015,98.323,91.22,96.067,-0.86,-0.43,
2024-07-01,retail,Total,96.551,98.203,95.195,97.22,-0.22,1.0,
2024-08-01,retail,Total,98.728,99.238,96.553,96.91,0.06,0.8,
2024-09-01,retail,Total,94.521,97.74,94.541,98.11,0.32,2.08,
2024-10-01,retail,Total,98.187,97.823,98.25,98.328,1.16,3.05,
2024-11-01,retail,Total,98.797,96.624,98.184,96.488,-0.65,-0.07,
2024-12-01,retail,Total,109.67,95.001,109.794,96.157,-3.33,-2.54,
2025-01-01,retail,Total,106.416,98.23,106.438,97.662,3.21,4.48,
2025-02-01,retail,Total,88.826,100.592,89.355,100.297,-5.51,-3.16,
2025-03-01,retail,Total,102.16,99.574,102.29,98.971,0.4,2.69,
2025-04-01,retail,Total,91.978,97.598,92.808,98.865,-0.29,0.87,
2025-05-01,retail,Total,99.887,100.251,99.366,98.933,1.17,1.09,
2025-06-01,retail,Total,94.319,99.803,93.525,98.759,1.4,2.53,
2025-07-01,retail,Total,101.166,102.719,100.148,102.336,4.78,5.2,
2025-08-01,retail,Total,102.842,102.908,101.858,101.91,4.17,5.49,
2025-09-01,retail,Total,96.358,99.674,96.564,100.213,1.94,2.14,
2025-10-01,retail,Total,101.207,100.768,102.14,101.885,3.08,3.96,
2025-11-01,retail,Total,102.904,100.656,102.965,101.516,4.16,4.87,
2025-12-01,retail,Total,111.938,97.151,112.543,98.809,2.07,2.5,
2026-01-01,retail,Total,106.466,106.793,106.284,105.104,0.05,-0.14,
2026-02-01,retail,Total,95.801,99.912,97.051,100.771,7.85,8.61,
2026-03-01,retail,Total,104.057,101.287,106.714,103.719,1.86,4.32,
2026-04-01,retail,Total,94.786,100.82,97.687,104.154,3.05,5.26,
2026-05-01,retail,Total,99.636,99.973,102.33,101.913,-0.25,2.98,
2026-06-01,retail,Total,95.276,100.926,97.283,102.84,1.01,4.02,
2026-07-01,retail,Total,99.87,101.33,101.608,103.749,-1.28,1.46,
2019-01-01,retail,"Total (Excluding Motor Vehicles, Parts & Accessories)",,,,,,,
2019-02-01,retail,"Total (Excluding Motor Vehicles, Parts & Accessories)",,,,,,,
2019-03-01,retail,"Total (Excluding Motor Vehicles, Parts & Accessories)",,,,,,,
2019-04-01,retail,"Total (Excluding Motor Vehicles, Parts & Accessories)",,,,,,,
2019-05-01,retail,"Total (Excluding Motor Vehicles, Parts & Accessories)",,,,,,,
2019-06-01,retail,"Total (Excluding Motor Vehicles, Parts & Accessories)",,,,,,,
2019-07-01,retail,"Total (Excluding Motor Vehicles, Parts & Accessories)",,,,,,,
2019-08-01,retail,"Total (Excluding Motor Vehicles, Parts & Accessories)",,,,,,,
2019-09-01,retail,"Total (Excluding Motor Vehicles, Parts & Accessories)",,,,,,,
2019-10-01,retail,"Total (Excluding Motor Vehicles, Parts & Accessories)",,,,,,,
2019-11-01,retail,"Total (Excluding Motor Vehicles, Parts & Accessories)",,,,,,,
2019-12-01,retail,"Total (Excluding Motor Vehicles, Parts & Accessories)",,,,,,,
2020-01-01,retail,"Total (Excluding Motor Vehicles, Parts & Accessories)",,,,,,,
2020-02-01,retail,"Total (Excluding Motor Vehicles, Parts & Accessories)",,,,,,,
2020-03-01,retail,"Total (Excluding Motor Vehicles, Parts & Accessories)",,,,,,,
2020-04-01,retail,"Total (Excluding Motor Vehicles, Parts & Accessories)",,,,,,,
2020-05-01,retail,"Total (Excluding Motor Vehicles, Parts & Accessories)",,,,,,,
2020-06-01,retail,"Total (Excluding Motor Vehicles, Parts & Accessories)",,,,,,,
2020-07-01,retail,"Total (Excluding Motor Vehicles, Parts & Accessories)",,,,,,,
2020-08-01,retail,"Total (Excluding Motor Vehicles, Parts & Accessories)",,,,,,,
2020-09-01,retail,"Total (Excluding Motor Vehicles, Parts & Accessories)",,,,,,,
2020-10-01,retail,"Total (Excluding Motor Vehicles, Parts & Accessories)",,,,,,,
2020-11-01,retail,"Total (Excluding Motor Vehicles, Parts & Accessories)",,,,,,,
2020-12-01,retail,"Total (Excluding Motor Vehicles, Parts & Accessories)",,,,,,,
2021-01-01,retail,"Total (Excluding Motor Vehicles, Parts & Accessories)",,,,,,,
2021-02-01,retail,"Total (Excluding Motor Vehicles, Parts & Accessories)",,,,,,,
2021-03-01,retail,"Total (Excluding Motor Vehicles, Parts & Accessories)",,,,,,,
2021-04-01,retail,"Total (Excluding Motor Vehicles, Parts & Accessories)",,,,,,,
2021-05-01,retail,"Total (Excluding Motor Vehicles, Parts & Accessories)",,,,,,,
2021-06-01,retail,"Total (Excluding Motor Vehicles, Parts & Accessories)",,,,,,,
2021-07-01,retail,"Total (Excluding Motor Vehicles, Parts & Accessories)",,,,,,,
2021-08-01,retail,"Total (Excluding Motor Vehicles, Parts & Accessories)",,,,,,,
2021-09-01,retail,"Total (Excluding Motor Vehicles, Parts & Accessories)",,,,,,,
2021-10-01,retail,"Total (Excluding Motor Vehicles, Parts & Accessories)",,,,,,,
2021-11-01,retail,"Total (Excluding Motor Vehicles, Parts & Accessories)",,,,,,,
2021-12-01,retail,"Total (Excluding Motor Vehicles, Parts & Accessories)",,,,,,,
2022-01-01,retail,"Total (Excluding Motor Vehicles, Parts & Accessories)",,,,,,,
2022-02-01,retail,"Total (Excluding Motor Vehicles, Parts & Accessories)",,,,,,,
2022-03-01,retail,"Total (Excluding Motor Vehicles, Parts & Accessories)",,,,,,,
2022-04-01,retail,"Total (Excluding Motor Vehicles, Parts & Accessories)",,,,,,,
2022-05-01,retail,"Total (Excluding Motor Vehicles, Parts & Accessories)",,,,,,,
2022-06-01,retail,"Total (Excluding Motor Vehicles, Parts & Accessories)",,,,,,,
2022-07-01,retail,"Total (Excluding Motor Vehicles, Parts & Accessories)",,,,,,,
2022-08-01,retail,"Total (Excluding Motor Vehicles, Parts & Accessories)",,,,,,,
2022-09-01,retail,"Total (Excluding Motor Vehicles, Parts & Accessories)",,,,,,,
2022-10-01,retail,"Total (Excluding Motor Vehicles, Parts & Accessories)",,,,,,,
2022-11-01,retail,"Total (Excluding Motor Vehicles, Parts & Accessories)",,,,,,,
2022-12-01,retail,"Total (Excluding Motor Vehicles, Parts & Accessories)",,,,,,,
2023-01-01,retail,"Total (Excluding Motor Vehicles, Parts & Accessories)",,,,,,,
2023-02-01,retail,"Total (Excluding Motor Vehicles, Parts & Accessories)",,,,,,,
2023-03-01,retail,"Total (Excluding Motor Vehicles, Parts & Accessories)",,,,,,,
2023-04-01,retail,"Total (Excluding Motor Vehicles, Parts & Accessories)",,,,,,,
2023-05-01,retail,"Total (Excluding Motor Vehicles, Parts & Accessories)",,,,,,,
2023-06-01,retail,"Total (Excluding Motor Vehicles, Parts & Accessories)",,,,,,,
2023-07-01,retail,"Total (Excluding Motor Vehicles, Parts & Accessories)",,,,,,,
2023-08-01,retail,"Total (Excluding Motor Vehicles, Parts & Accessories)",,,,,,,
2023-09-01,retail,"Total (Excluding Motor Vehicles, Parts & Accessories)",,,,,,,
2023-10-01,retail,"Total (Excluding Motor Vehicles, Parts & Accessories)",,,,,,,
2023-11-01,retail,"Total (Excluding Motor Vehicles, Parts & Accessories)",,,,,,,
2023-12-01,retail,"Total (Excluding Motor Vehicles, Parts & Accessories)",,,,,,,
2024-01-01,retail,"Total (Excluding Motor Vehicles, Parts & Accessories)",,,,,,,
2024-02-01,retail,"Total (Excluding Motor Vehicles, Parts & Accessories)",,,,,,,
2024-03-01,retail,"Total (Excluding Motor Vehicles, Parts & Accessories)",,,,,,,
2024-04-01,retail,"Total (Excluding Motor Vehicles, Parts & Accessories)",,,,,,,
2024-05-01,retail,"Total (Excluding Motor Vehicles, Parts & Accessories)",,,,,,,
2024-06-01,retail,"Total (Excluding Motor Vehicles, Parts & Accessories)",,,,,,,
2024-07-01,retail,"Total (Excluding Motor Vehicles, Parts & Accessories)",,,,,,,
2024-08-01,retail,"Total (Excluding Motor Vehicles, Parts & Accessories)",,,,,,,
2024-09-01,retail,"Total (Excluding Motor Vehicles, Parts & Accessories)",,,,,,,
2024-10-01,retail,"Total (Excluding Motor Vehicles, Parts & Accessories)",,,,,,,
2024-11-01,retail,"Total (Excluding Motor Vehicles, Parts & Accessories)",,,,,,,
2024-12-01,retail,"Total (Excluding Motor Vehicles, Parts & Accessories)",,,,,,,
2025-01-01,retail,"Total (Excluding Motor Vehicles, Parts & Accessories)",,,,,,,
2025-02-01,retail,"Total (Excluding Motor Vehicles, Parts & Accessories)",,,,,,,
2025-03-01,retail,"Total (Excluding Motor Vehicles, Parts & Accessories)",,,,,,,
2025-04-01,retail,"Total (Excluding Motor Vehicles, Parts & Accessories)",,,,,,,
2025-05-01,retail,"Total (Excluding Motor Vehicles, Parts & Accessories)",,,,,,,
2025-06-01,retail,"Total (Excluding Motor Vehicles, Parts & Accessories)",,,,,,,
2025-07-01,retail,"Total (Excluding Motor Vehicles, Parts & Accessories)",,,,,,,
2025-08-01,retail,"Total (Excluding Motor Vehicles, Parts & Accessories)",,,,,,,
2025-09-01,retail,"Total (Excluding Motor Vehicles, Parts & Accessories)",,,,,,,
2025-10-01,retail,"Total (Excluding Motor Vehicles, Parts & Accessories)",,,,,,,
2025-11-01,retail,"Total (Excluding Motor Vehicles, Parts & Accessories)",,,,,,,
2025-12-01,retail,"Total (Excluding Motor Vehicles, Parts & Accessories)",,,,,,,
2026-01-01,retail,"Total (Excluding Motor Vehicles, Parts & Accessories)",,,,,,,
2026-02-01,retail,"Total (Excluding Motor Vehicles, Parts & Accessories)",,,,,,,
2026-03-01,retail,"Total (Excluding Motor Vehicles, Parts & Accessories)",,,,,,,
2026-04-01,retail,"Total (Excluding Motor Vehicles, Parts & Accessories)",,,,,,,
2026-05-01,retail,"Total (Excluding Motor Vehicles, Parts & Accessories)",,,,,,,
2026-06-01,retail,"Total (Excluding Motor Vehicles, Parts & Accessories)",,,,,,,
2026-07-01,retail,"Total (Excluding Motor Vehicles, Parts & Accessories)",,,,,,,
2016-01-01,retail,Watches & Jewellery,120.599,110.11,72.986,67.451,-5.25,-8.22,-0.809
2016-02-01,retail,Watches & Jewellery,110.823,108.616,69.858,67.6,-7.43,-6.83,-0.686
2016-03-01,retail,Watches & Jewellery,95.578,102.118,60.882,64.271,-9.87,-6.8,-0.589
2016-04-01,retail,Watches & Jewellery,89.927,98.141,56.599,60.623,-11.8,-10.33,-0.908
2016-05-01,retail,Watches & Jewellery,102.921,102.138,66.174,65.395,-7.8,-3.42,-0.303
2016-06-01,retail,Watches & Jewellery,91.566,97.133,58.744,63.65,-5.95,-1.42,-0.109
2016-07-01,retail,Watches & Jewellery,97.994,97.307,64.034,63.983,-16.93,-9.9,-0.919
2016-08-01,retail,Watches & Jewellery,99.868,101.118,65.368,65.355,-19.22,-12.69,-1.224
2016-09-01,retail,Watches & Jewellery,87.7,98.977,57.137,63.537,-11.9,-5.66,-0.464
2016-10-01,retail,Watches & Jewellery,100.567,102.552,64.585,66.131,-1.45,1.8,0.148
2016-11-01,retail,Watches & Jewellery,97.777,100.925,62.683,64.862,-11.49,-6.6,-0.573
2016-12-01,retail,Watches & Jewellery,135.566,108.163,84.926,69.112,-4.45,0.72,0.068
2017-01-01,retail,Watches & Jewellery,115.473,106.926,73.06,68.493,-4.25,0.1,0.008
2017-02-01,retail,Watches & Jewellery,105.724,104.259,67.647,65.656,-4.6,-3.16,-0.304
2017-03-01,retail,Watches & Jewellery,99.687,105.645,63.145,66.474,4.3,3.72,0.285
2017-04-01,retail,Watches & Jewellery,99.019,107.689,64.287,68.742,10.11,13.58,1.037
2017-05-01,retail,Watches & Jewellery,105.994,104.812,67.531,66.701,2.99,2.05,0.17
2017-06-01,retail,Watches & Jewellery,106.209,111.027,68.167,72.948,15.99,16.04,1.199
2017-07-01,retail,Watches & Jewellery,106.753,106.929,67.77,68.081,8.94,5.83,0.474
2017-08-01,retail,Watches & Jewellery,103.465,103.97,66.763,66.251,3.6,2.13,0.181
2017-09-01,retail,Watches & Jewellery,91.656,103.301,60.008,66.48,4.51,5.02,0.382
2017-10-01,retail,Watches & Jewellery,103.575,105.876,67.225,68.828,2.99,4.09,0.336
2017-11-01,retail,Watches & Jewellery,98.55,101.697,63.744,65.872,0.79,1.69,0.136
2017-12-01,retail,Watches & Jewellery,125.829,101.101,80.843,66.192,-7.18,-4.81,-0.451
2018-01-01,retail,Watches & Jewellery,101.257,100.504,65.399,64.888,-12.31,-10.49,-0.853
2018-02-01,retail,Watches & Jewellery,114.146,108.037,73.339,68.731,7.97,8.41,0.799
2018-03-01,retail,Watches & Jewellery,103.4,108.42,66.747,69.977,3.72,5.7,0.445
2018-04-01,retail,Watches & Jewellery,100.617,108.612,64.811,69.136,1.61,0.82,0.07
2018-05-01,retail,Watches & Jewellery,105.939,103.519,68.312,66.917,-0.05,1.16,0.098
2018-06-01,retail,Watches & Jewellery,100.431,104.29,64.198,68.262,-5.44,-5.82,-0.498
2018-07-01,retail,Watches & Jewellery,109.818,109.4,69.651,69.719,2.87,2.78,0.236
2018-08-01,retail,Watches & Jewellery,114.216,114.781,71.451,70.87,10.39,7.02,0.589
2018-09-01,retail,Watches & Jewellery,102.8,115.951,64.16,71.081,12.16,6.92,0.555
2018-10-01,retail,Watches & Jewellery,100.656,103.372,63.25,64.859,-2.82,-5.91,-0.505
2018-11-01,retail,Watches & Jewellery,104.123,107.545,65.028,67.121,5.65,2.01,0.157
2018-12-01,retail,Watches & Jewellery,120.334,97.401,76.223,62.605,-4.37,-5.71,-0.48
2019-01-01,retail,Watches & Jewellery,106.807,102.402,68.433,65.015,5.48,4.64,0.365
2019-02-01,retail,Watches & Jewellery,103.393,103.608,66.858,66.429,-9.42,-8.84,-0.838
2019-03-01,retail,Watches & Jewellery,99.84,103.606,64.1,66.969,-3.44,-3.97,-0.33
2019-04-01,retail,Watches & Jewellery,98.532,105.8,63.492,67.846,-2.07,-2.04,-0.175
2019-05-01,retail,Watches & Jewellery,111.038,103.813,71.729,67.884,4.81,5.0,0.427
2019-06-01,retail,Watches & Jewellery,93.39,99.466,61.207,66.161,-7.01,-4.66,-0.369
2019-07-01,retail,Watches & Jewellery,97.686,96.964,65.518,65.614,-11.05,-5.93,-0.533
2019-08-01,retail,Watches & Jewellery,94.324,94.739,65.234,64.665,-17.42,-8.7,-0.785
2019-09-01,retail,Watches & Jewellery,88.812,100.171,61.34,68.037,-13.61,-4.4,-0.371
2019-10-01,retail,Watches & Jewellery,97.824,101.409,67.927,70.091,-2.81,7.39,0.592
2019-11-01,retail,Watches & Jewellery,96.621,99.696,66.089,67.978,-7.2,1.63,0.132
2019-12-01,retail,Watches & Jewellery,121.955,99.393,83.247,68.481,1.35,9.22,0.776
2020-01-01,retail,Watches & Jewellery,99.018,98.967,69.28,69.114,-7.29,1.24,0.095
2020-02-01,retail,Watches & Jewellery,69.5,67.869,49.657,47.397,-32.78,-25.73,-2.46
2020-03-01,retail,Watches & Jewellery,55.308,56.902,40.639,42.357,-44.6,-36.6,-2.939
2020-04-01,retail,Watches & Jewellery,11.181,11.963,8.274,8.871,-88.65,-86.97,-7.433
2020-05-01,retail,Watches & Jewellery,3.567,3.255,2.482,2.302,-96.79,-96.54,-8.802
2020-06-01,retail,Watches & Jewellery,38.022,40.749,28.277,30.646,-59.29,-53.8,-4.45
2020-07-01,retail,Watches & Jewellery,68.994,68.515,52.255,52.472,-29.37,-20.24,-1.736
2020-08-01,retail,Watches & Jewellery,74.523,75.157,57.572,57.313,-20.99,-11.75,-1.011
2020-09-01,retail,Watches & Jewellery,68.58,77.427,51.606,57.491,-22.78,-15.87,-1.308
2020-10-01,retail,Watches & Jewellery,67.307,70.228,51.569,53.475,-31.2,-24.08,-2.166
2020-11-01,retail,Watches & Jewellery,80.483,82.953,61.186,62.711,-16.7,-7.42,-0.638
2020-12-01,retail,Watches & Jewellery,99.161,80.957,74.862,61.322,-18.69,-10.07,-0.96
2021-01-01,retail,Watches & Jewellery,84.151,84.886,63.721,63.407,-15.01,-8.02,-0.666
2021-02-01,retail,Watches & Jewellery,88.401,86.032,67.357,64.523,27.2,35.64,2.764
2021-03-01,retail,Watches & Jewellery,88.899,91.203,65.137,68.06,60.73,60.28,3.553
2021-04-01,retail,Watches & Jewellery,83.585,89.034,61.808,66.285,647.56,647.01,12.002
2021-05-01,retail,Watches & Jewellery,73.608,67.005,54.395,50.368,1963.58,2091.58,13.647
2021-06-01,retail,Watches & Jewellery,68.513,73.106,50.513,54.421,80.19,78.64,4.151
2021-07-01,retail,Watches & Jewellery,78.455,77.963,57.741,58.109,13.71,10.5,0.786
2021-08-01,retail,Watches & Jewellery,83.031,83.78,62.077,61.859,11.42,7.82,0.63
2021-09-01,retail,Watches & Jewellery,78.091,88.317,58.283,65.292,13.87,12.94,1.003
2021-10-01,retail,Watches & Jewellery,89.654,94.082,66.319,69.121,33.2,28.6,2.134
2021-11-01,retail,Watches & Jewellery,94.647,97.522,70.56,72.131,17.6,15.32,1.238
2021-12-01,retail,Watches & Jewellery,127.888,104.356,94.951,77.374,28.97,26.83,2.377
2022-01-01,retail,Watches & Jewellery,112.139,106.583,83.613,78.223,33.26,31.22,2.55
2022-02-01,retail,Watches & Jewellery,98.061,101.467,73.583,74.959,10.93,9.24,0.921
2022-03-01,retail,Watches & Jewellery,99.049,101.531,75.339,78.886,11.42,15.66,1.392
2022-04-01,retail,Watches & Jewellery,101.826,105.428,78.32,82.183,21.82,26.71,2.397
2022-05-01,retail,Watches & Jewellery,113.933,106.513,88.988,84.205,54.78,63.6,5.026
2022-06-01,retail,Watches & Jewellery,103.13,109.605,79.109,84.954,50.53,56.61,4.214
2022-07-01,retail,Watches & Jewellery,108.429,107.776,82.107,82.682,38.21,42.2,3.481
2022-08-01,retail,Watches & Jewellery,108.538,109.636,81.429,81.225,30.72,31.17,2.775
2022-09-01,retail,Watches & Jewellery,106.127,120.301,79.46,89.471,35.9,36.33,2.976
2022-10-01,retail,Watches & Jewellery,114.884,120.692,86.136,89.835,28.14,29.88,2.662
2022-11-01,retail,Watches & Jewellery,108.373,111.731,80.63,82.335,14.5,14.27,1.299
2022-12-01,retail,Watches & Jewellery,150.758,123.022,112.517,91.353,17.88,18.5,1.947
2023-01-01,retail,Watches & Jewellery,102.421,104.621,79.275,79.439,-8.67,-5.19,-0.495
2023-02-01,retail,Watches & Jewellery,97.135,100.234,74.638,76.002,-0.94,1.43,0.162
2023-03-01,retail,Watches & Jewellery,101.489,104.647,77.285,80.381,2.46,2.58,0.243
2023-04-01,retail,Watches & Jewellery,104.903,109.024,82.689,85.91,3.02,5.58,0.565
2023-05-01,retail,Watches & Jewellery,115.002,110.701,91.422,85.752,0.94,2.74,0.299
2023-06-01,retail,Watches & Jewellery,107.442,115.681,84.093,90.101,4.18,6.3,0.637
2023-07-01,retail,Watches & Jewellery,109.196,112.544,83.981,87.376,0.71,2.28,0.234
2023-08-01,retail,Watches & Jewellery,113.846,112.601,88.748,88.426,4.89,8.99,0.925
2023-09-01,retail,Watches & Jewellery,101.366,112.75,79.073,88.449,-4.49,-0.49,-0.049
2023-10-01,retail,Watches & Jewellery,115.927,112.639,90.892,89.272,0.91,5.52,0.576
2023-11-01,retail,Watches & Jewellery,115.621,115.948,91.962,92.644,6.69,14.05,1.367
2023-12-01,retail,Watches & Jewellery,148.082,118.2,119.472,97.439,-1.78,6.18,0.714
2024-01-01,retail,Watches & Jewellery,102.946,105.961,83.693,83.468,0.51,5.57,0.51
2024-02-01,retail,Watches & Jewellery,107.859,112.19,87.687,90.408,11.04,17.48,1.778
2024-03-01,retail,Watches & Jewellery,109.142,110.068,89.314,90.927,7.54,15.56,1.442
2024-04-01,retail,Watches & Jewellery,94.002,98.962,82.075,86.215,-10.39,-0.74,-0.077
2024-05-01,retail,Watches & Jewellery,110.455,107.266,98.181,92.5,-3.95,7.39,0.817
2024-06-01,retail,Watches & Jewellery,94.29,102.11,82.694,89.079,-12.24,-1.66,-0.177
2024-07-01,retail,Watches & Jewellery,97.332,101.372,84.539,88.812,-10.86,0.66,0.069
2024-08-01,retail,Watches & Jewellery,103.61,101.539,90.995,90.121,-8.99,2.53,0.272
2024-09-01,retail,Watches & Jewellery,87.748,97.47,78.471,87.964,-13.43,-0.76,-0.075
2024-10-01,retail,Watches & Jewellery,106.356,102.168,96.325,93.604,-8.26,5.98,0.661
2024-11-01,retail,Watches & Jewellery,106.52,106.345,94.377,94.833,-7.87,2.63,0.285
2024-12-01,retail,Watches & Jewellery,122.651,97.922,111.5,91.152,-17.17,-6.67,-0.821
2025-01-01,retail,Watches & Jewellery,100.267,100.487,100.326,97.279,-2.6,19.87,1.894
2025-02-01,retail,Watches & Jewellery,89.762,96.789,89.827,95.524,-16.78,2.44,0.269
2025-03-01,retail,Watches & Jewellery,106.538,103.893,105.329,103.931,-2.39,17.93,1.865
2025-04-01,retail,Watches & Jewellery,93.665,101.609,93.359,100.686,-0.36,13.75,1.423
2025-05-01,retail,Watches & Jewellery,98.585,96.24,97.831,92.529,-10.75,-0.36,-0.041
2025-06-01,retail,Watches & Jewellery,88.963,96.852,87.877,95.159,-5.65,6.27,0.659
2025-07-01,retail,Watches & Jewellery,93.839,98.175,93.485,98.673,-3.59,10.58,1.09
2025-08-01,retail,Watches & Jewellery,106.319,103.412,105.537,103.88,2.61,15.98,1.747
2025-09-01,retail,Watches & Jewellery,91.166,101.33,90.971,102.303,3.9,15.93,1.534
2025-10-01,retail,Watches & Jewellery,114.492,109.078,116.597,112.364,7.65,21.05,2.393
2025-11-01,retail,Watches & Jewellery,98.019,97.605,99.132,99.384,-7.98,5.04,0.562
2025-12-01,retail,Watches & Jewellery,118.385,94.927,119.73,98.419,-3.48,7.38,0.87
2026-01-01,retail,Watches & Jewellery,114.777,122.47,116.215,119.531,14.47,15.84,1.732
2026-02-01,retail,Watches & Jewellery,101.467,103.33,101.89,102.24,13.04,13.43,1.566
2026-03-01,retail,Watches & Jewellery,109.249,105.982,112.063,110.018,2.54,6.39,0.764
2026-04-01,retail,Watches & Jewellery,96.601,104.717,100.144,108.09,3.13,7.27,0.848
2026-05-01,retail,Watches & Jewellery,105.44,103.157,109.505,103.678,6.95,11.93,1.363
2026-06-01,retail,Watches & Jewellery,95.952,104.899,97.177,105.678,7.86,10.58,1.153
2026-07-01,retail,Watches & Jewellery,101.152,106.088,103.906,109.937,7.79,11.15,1.207
2016-01-01,retail,Wearing Apparel & Footwear,93.693,76.66,102.137,83.395,0.2,2.54,0.294
2016-02-01,retail,Wearing Apparel & Footwear,78.952,77.208,86.055,84.488,-14.65,-12.61,-1.563
2016-03-01,retail,Wearing Apparel & Footwear,69.201,77.897,76.41,84.886,-3.29,-1.9,-0.184
2016-04-01,retail,Wearing Apparel & Footwear,66.642,77.866,73.273,85.008,-4.15,-1.93,-0.189
2016-05-01,retail,Wearing Apparel & Footwear,73.612,79.81,79.725,86.076,-2.44,-2.39,-0.238
2016-06-01,retail,Wearing Apparel & Footwear,74.719,74.837,79.623,81.056,-5.64,-4.78,-0.486
2016-07-01,retail,Wearing Apparel & Footwear,76.959,77.457,81.414,82.159,-1.16,-2.29,-0.234
2016-08-01,retail,Wearing Apparel & Footwear,71.046,75.69,75.619,80.54,-8.72,-10.01,-1.018
2016-09-01,retail,Wearing Apparel & Footwear,63.813,75.301,68.952,81.51,-1.69,-2.52,-0.227
2016-10-01,retail,Wearing Apparel & Footwear,71.193,76.647,77.454,83.387,-4.11,-3.61,-0.354
2016-11-01,retail,Wearing Apparel & Footwear,76.235,76.545,83.394,83.337,-4.81,-4.4,-0.466
2016-12-01,retail,Wearing Apparel & Footwear,106.551,77.037,115.163,83.872,-2.38,-2.1,-0.258
2017-01-01,retail,Wearing Apparel & Footwear,105.87,79.154,114.127,85.116,13.0,11.74,1.291
2017-02-01,retail,Wearing Apparel & Footwear,65.939,70.935,71.913,77.286,-16.48,-16.43,-1.826
2017-03-01,retail,Wearing Apparel & Footwear,67.872,76.411,74.432,82.713,-1.92,-2.59,-0.234
2017-04-01,retail,Wearing Apparel & Footwear,69.137,80.633,76.309,88.525,3.74,4.14,0.385
2017-05-01,retail,Wearing Apparel & Footwear,69.404,75.059,76.613,82.392,-5.72,-3.9,-0.367
2017-06-01,retail,Wearing Apparel & Footwear,77.986,77.645,84.658,85.29,4.37,6.32,0.602
2017-07-01,retail,Wearing Apparel & Footwear,77.737,79.188,84.148,86.216,1.01,3.36,0.326
2017-08-01,retail,Wearing Apparel & Footwear,73.524,77.774,79.259,84.108,3.49,4.81,0.443
2017-09-01,retail,Wearing Apparel & Footwear,67.264,79.039,73.106,85.996,5.41,6.02,0.519
2017-10-01,retail,Wearing Apparel & Footwear,73.823,79.58,80.745,87.121,3.69,4.25,0.394
2017-11-01,retail,Wearing Apparel & Footwear,77.368,77.151,84.852,84.484,1.49,1.75,0.176
2017-12-01,retail,Wearing Apparel & Footwear,110.72,80.501,119.08,87.18,3.91,3.4,0.407
2018-01-01,retail,Wearing Apparel & Footwear,88.819,81.502,96.505,88.092,-16.11,-15.44,-1.844
2018-02-01,retail,Wearing Apparel & Footwear,93.705,82.706,102.745,90.364,42.11,42.87,4.067
2018-03-01,retail,Wearing Apparel & Footwear,70.931,79.949,78.533,87.32,4.51,5.51,0.476
2018-04-01,retail,Wearing Apparel & Footwear,67.253,78.039,74.599,86.371,-2.73,-2.24,-0.215
2018-05-01,retail,Wearing Apparel & Footwear,73.449,79.358,81.273,87.308,5.83,6.08,0.548
2018-06-01,retail,Wearing Apparel & Footwear,77.891,77.621,85.355,85.795,-0.12,0.82,0.082
2018-07-01,retail,Wearing Apparel & Footwear,77.629,79.239,85.618,87.938,-0.14,1.75,0.174
2018-08-01,retail,Wearing Apparel & Footwear,75.523,79.49,83.473,88.374,2.72,5.32,0.498
2018-09-01,retail,Wearing Apparel & Footwear,68.132,79.728,74.939,87.682,1.29,2.51,0.23
2018-10-01,retail,Wearing Apparel & Footwear,72.265,78.161,79.446,86.267,-2.11,-1.61,-0.155
2018-11-01,retail,Wearing Apparel & Footwear,79.966,79.102,88.039,87.182,3.36,3.76,0.365
2018-12-01,retail,Wearing Apparel & Footwear,107.666,78.542,118.585,86.952,-2.76,-0.42,-0.048
2019-01-01,retail,Wearing Apparel & Footwear,98.087,78.441,109.548,87.316,10.43,13.52,1.475
2019-02-01,retail,Wearing Apparel & Footwear,80.619,82.388,89.433,90.655,-13.97,-12.96,-1.618
2019-03-01,retail,Wearing Apparel & Footwear,74.38,83.995,82.471,91.652,4.86,5.01,0.462
2019-04-01,retail,Wearing Apparel & Footwear,72.765,84.051,79.509,91.873,8.2,6.58,0.611
2019-05-01,retail,Wearing Apparel & Footwear,74.853,78.669,82.029,85.578,1.91,0.93,0.089
2019-06-01,retail,Wearing Apparel & Footwear,82.594,84.278,89.588,92.306,6.04,4.96,0.491
2019-07-01,retail,Wearing Apparel & Footwear,80.031,81.888,85.526,87.941,3.09,-0.11,-0.011
2019-08-01,retail,Wearing Apparel & Footwear,82.245,86.505,87.559,92.735,8.9,4.89,0.485
2019-09-01,retail,Wearing Apparel & Footwear,72.272,84.226,78.599,91.534,6.08,4.88,0.452
2019-10-01,retail,Wearing Apparel & Footwear,77.106,83.884,83.179,91.104,6.7,4.7,0.444
2019-11-01,retail,Wearing Apparel & Footwear,84.103,82.326,91.358,89.857,5.17,3.77,0.388
2019-12-01,retail,Wearing Apparel & Footwear,112.399,82.166,121.238,88.901,4.4,2.24,0.275
2020-01-01,retail,Wearing Apparel & Footwear,107.739,81.727,115.107,87.096,9.84,5.07,0.584
2020-02-01,retail,Wearing Apparel & Footwear,49.789,54.112,53.714,57.728,-38.24,-39.94,-4.8
2020-03-01,retail,Wearing Apparel & Footwear,45.641,51.659,49.096,54.562,-38.64,-40.47,-3.929
2020-04-01,retail,Wearing Apparel & Footwear,11.483,13.186,12.081,13.909,-84.22,-84.81,-8.529
2020-05-01,retail,Wearing Apparel & Footwear,9.265,9.623,9.628,9.925,-87.62,-88.26,-8.648
2020-06-01,retail,Wearing Apparel & Footwear,31.559,32.464,32.91,34.188,-61.79,-63.27,-7.197
2020-07-01,retail,Wearing Apparel & Footwear,59.651,61.259,60.827,62.686,-25.47,-28.88,-3.037
2020-08-01,retail,Wearing Apparel & Footwear,60.18,63.381,61.558,65.337,-26.83,-29.7,-3.223
2020-09-01,retail,Wearing Apparel & Footwear,54.965,63.989,56.648,65.843,-23.95,-27.93,-2.771
2020-10-01,retail,Wearing Apparel & Footwear,59.554,65.102,61.218,67.572,-22.76,-26.4,-2.732
2020-11-01,retail,Wearing Apparel & Footwear,69.221,67.088,70.485,68.805,-17.69,-22.85,-2.554
2020-12-01,retail,Wearing Apparel & Footwear,90.716,66.24,93.497,68.356,-19.29,-22.88,-2.985
2021-01-01,retail,Wearing Apparel & Footwear,79.041,70.043,80.578,71.188,-26.64,-30.0,-3.89
2021-02-01,retail,Wearing Apparel & Footwear,70.898,66.498,71.289,66.103,42.4,32.72,2.579
2021-03-01,retail,Wearing Apparel & Footwear,63.534,72.094,64.841,72.069,39.2,32.07,2.146
2021-04-01,retail,Wearing Apparel & Footwear,65.379,74.44,65.587,74.959,469.35,442.89,11.272
2021-05-01,retail,Wearing Apparel & Footwear,52.57,54.695,52.552,54.303,467.4,445.82,10.603
2021-06-01,retail,Wearing Apparel & Footwear,56.295,57.851,53.613,55.643,78.38,62.91,3.632
2021-07-01,retail,Wearing Apparel & Footwear,63.947,65.789,61.675,63.608,7.2,1.39,0.114
2021-08-01,retail,Wearing Apparel & Footwear,62.576,66.08,60.474,64.384,3.98,-1.76,-0.142
2021-09-01,retail,Wearing Apparel & Footwear,61.518,71.667,60.641,70.507,11.92,7.05,0.564
2021-10-01,retail,Wearing Apparel & Footwear,64.514,70.789,64.291,71.299,8.33,5.02,0.418
2021-11-01,retail,Wearing Apparel & Footwear,83.925,80.716,80.368,78.023,21.24,14.02,1.226
2021-12-01,retail,Wearing Apparel & Footwear,114.026,83.137,110.967,80.92,25.7,18.69,1.942
2022-01-01,retail,Wearing Apparel & Footwear,107.008,81.29,104.252,79.107,35.38,29.38,2.852
2022-02-01,retail,Wearing Apparel & Footwear,70.382,77.368,69.245,75.053,-0.73,-2.87,-0.284
2022-03-01,retail,Wearing Apparel & Footwear,83.123,94.459,82.452,91.695,30.83,27.16,2.258
2022-04-01,retail,Wearing Apparel & Footwear,95.743,106.164,97.176,108.005,46.44,48.16,4.31
2022-05-01,retail,Wearing Apparel & Footwear,101.943,108.58,104.615,110.955,93.92,99.07,7.108
2022-06-01,retail,Wearing Apparel & Footwear,101.314,104.039,101.998,105.749,79.97,90.25,6.7
2022-07-01,retail,Wearing Apparel & Footwear,101.639,104.578,104.308,107.498,58.94,69.13,5.722
2022-08-01,retail,Wearing Apparel & Footwear,95.668,101.297,99.724,106.495,52.88,64.9,5.288
2022-09-01,retail,Wearing Apparel & Footwear,89.383,104.226,92.777,107.941,45.3,52.99,4.244
2022-10-01,retail,Wearing Apparel & Footwear,97.127,106.715,99.627,110.733,50.55,54.96,4.46
2022-11-01,retail,Wearing Apparel & Footwear,106.358,101.959,108.102,104.706,26.73,34.51,3.362
2022-12-01,retail,Wearing Apparel & Footwear,134.385,97.881,137.932,100.398,17.85,24.3,2.808
2023-01-01,retail,Wearing Apparel & Footwear,124.874,101.306,129.525,105.162,16.7,24.24,2.711
2023-02-01,retail,Wearing Apparel & Footwear,91.673,104.218,95.956,107.468,30.25,38.57,3.846
2023-03-01,retail,Wearing Apparel & Footwear,99.47,108.829,104.523,113.45,19.67,26.77,2.595
2023-04-01,retail,Wearing Apparel & Footwear,104.394,113.33,111.057,120.058,9.04,14.28,1.687
2023-05-01,retail,Wearing Apparel & Footwear,103.901,106.068,110.075,109.739,1.92,5.22,0.631
2023-06-01,retail,Wearing Apparel & Footwear,102.76,106.27,106.767,110.548,1.43,4.68,0.573
2023-07-01,retail,Wearing Apparel & Footwear,108.558,109.264,111.208,111.86,6.81,6.62,0.809
2023-08-01,retail,Wearing Apparel & Footwear,102.707,106.632,106.027,110.024,7.36,6.32,0.748
2023-09-01,retail,Wearing Apparel & Footwear,98.838,111.055,99.78,111.963,10.58,7.55,0.83
2023-10-01,retail,Wearing Apparel & Footwear,99.983,104.821,101.309,107.206,2.94,1.69,0.191
2023-11-01,retail,Wearing Apparel & Footwear,111.245,104.301,111.461,106.875,4.59,3.11,0.381
2023-12-01,retail,Wearing Apparel & Footwear,128.922,102.293,129.166,104.182,-4.07,-6.36,-0.845
2024-01-01,retail,Wearing Apparel & Footwear,111.618,103.888,114.912,106.844,-10.62,-11.28,-1.585
2024-02-01,retail,Wearing Apparel & Footwear,105.117,105.301,108.824,107.582,14.67,13.41,1.648
2024-03-01,retail,Wearing Apparel & Footwear,103.393,110.592,106.034,112.274,3.94,1.45,0.17
2024-04-01,retail,Wearing Apparel & Footwear,89.031,98.102,94.022,103.023,-14.72,-15.34,-1.997
2024-05-01,retail,Wearing Apparel & Footwear,97.983,100.51,102.983,103.269,-5.7,-6.44,-0.805
2024-06-01,retail,Wearing Apparel & Footwear,96.308,100.266,96.71,100.441,-6.28,-9.42,-1.197
2024-07-01,retail,Wearing Apparel & Footwear,98.371,99.444,100.193,101.293,-9.38,-9.9,-1.274
2024-08-01,retail,Wearing Apparel & Footwear,99.741,102.703,99.516,102.536,-2.89,-6.14,-0.741
2024-09-01,retail,Wearing Apparel & Footwear,90.913,101.365,91.296,101.801,-8.02,-8.5,-0.998
2024-10-01,retail,Wearing Apparel & Footwear,100.186,104.084,99.821,104.242,0.2,-1.47,-0.17
2024-11-01,retail,Wearing Apparel & Footwear,110.813,102.656,107.363,102.103,-0.39,-3.68,-0.455
2024-12-01,retail,Wearing Apparel & Footwear,121.277,97.551,120.448,98.605,-5.93,-6.75,-0.843
2025-01-01,retail,Wearing Apparel & Footwear,118.969,98.256,119.585,98.711,6.59,4.07,0.5
2025-02-01,retail,Wearing Apparel & Footwear,87.564,99.335,89.332,99.959,-16.7,-17.91,-2.303
2025-03-01,retail,Wearing Apparel & Footwear,94.763,98.397,96.5,98.906,-8.35,-8.99,-1.043
2025-04-01,retail,Wearing Apparel & Footwear,86.036,97.457,87.0,98.004,-3.36,-7.47,-0.832
2025-05-01,retail,Wearing Apparel & Footwear,95.831,98.836,96.819,97.705,-2.2,-5.99,-0.684
2025-06-01,retail,Wearing Apparel & Footwear,93.964,98.272,95.61,99.575,-2.43,-1.14,-0.131
2025-07-01,retail,Wearing Apparel & Footwear,96.105,97.617,95.598,97.101,-2.3,-4.59,-0.526
2025-08-01,retail,Wearing Apparel & Footwear,99.238,101.362,98.817,101.184,-0.5,-0.7,-0.079
2025-09-01,retail,Wearing Apparel & Footwear,89.869,99.803,90.147,100.271,-1.15,-1.26,-0.132
2025-10-01,retail,Wearing Apparel & Footwear,98.484,101.695,99.256,102.681,-1.7,-0.57,-0.063
2025-11-01,retail,Wearing Apparel & Footwear,117.295,107.66,113.449,107.213,5.85,5.67,0.676
2025-12-01,retail,Wearing Apparel & Footwear,121.883,99.01,117.887,97.343,0.5,-2.13,-0.254
2026-01-01,retail,Wearing Apparel & Footwear,107.603,108.4,107.131,107.653,-9.55,-10.41,-1.275
2026-02-01,retail,Wearing Apparel & Footwear,98.758,91.957,99.433,91.487,12.78,11.31,1.232
2026-03-01,retail,Wearing Apparel & Footwear,96.114,99.62,98.278,100.51,1.43,1.84,0.189
2026-04-01,retail,Wearing Apparel & Footwear,90.033,102.152,91.742,103.461,4.65,5.45,0.557
2026-05-01,retail,Wearing Apparel & Footwear,95.551,98.853,97.234,98.482,-0.29,0.43,0.046
2026-06-01,retail,Wearing Apparel & Footwear,92.687,97.233,93.861,98.018,-1.36,-1.83,-0.204
2026-07-01,retail,Wearing Apparel & Footwear,97.349,99.134,97.774,99.577,1.29,2.28,0.237
